{
  "dimension": 128,
  "trials": 1000,
  "k": 0.5,
  "prime_leff_mean": 0.004603679292732858,
  "random_leff_mean": 0.004413570854003816,
  "prime_leff_std": 0.0007414755720652719,
  "random_leff_std": 0.00024703875354192665,
  "ks_p": 1.1715286766363831e-29,
  "ks_stat": 0.258,
  "cohens_d": 0.34400269217363366,
  "thresholds": {
    "cohens_d_min": 0.2,
    "ks_p_max": 0.05
  },
  "status": "ok"
}