position,prime,initial_intensity,kernel_weight,convolved_value,normalized_feature,binary_edge
"(0,0)",2,200,-1,600.0,0.9999877116507956,1
"(0,1)",3,200,0,-450.0,-0.9997532108480275,0
"(0,2)",5,50,1,-600.0,-0.9999877116507956,0
"(1,0)",7,200,-2,800.0,0.9999997749296758,1
"(1,1)",11,200,0,-600.0,-0.9999877116507956,0
"(1,2)",13,50,2,-800.0,-0.9999997749296758,0
"(2,0)",17,200,-1,600.0,0.9999877116507956,1
"(2,1)",19,200,0,-450.0,-0.9997532108480275,0
"(2,2)",23,50,1,-600.0,-0.9999877116507956,0
