{"session_id": "b6724636", "step": 7, "signal": [3.0054832915691825, -1.2672283997093186, -3.8521699089144503, -3.5018104276300654, -1.6549862720355255, -0.6263707928887298, -1.213694745606008, -2.280228317421945, -2.4556331945492618, -1.7607843395690086, -1.3190093172785025, -1.7338477104479826, -2.239802842010853, -1.6562007715268185, 0.06462825312347309, 1.5911883404123808, 1.5732601468232246, 0.036242333478353705, -1.720550139313616, -2.4739852957429003, -2.103520559098067, -1.3159244071167064, -0.6850884715763299, -0.23263555251874812, 0.1693183930571064, 0.39185944553527596, 0.28372389861501035, 0.11462365868655933, 0.3960385251386008, 1.1386396640979848, 1.5695485530664488, 0.9315277514788709, -0.43891903246476094, -1.1667861723405575, -0.24001542315816493, 1.736662498390381, 2.9917677713180986, 2.4170412597832134, 0.7633539581027562, -0.21025348985977155, 0.28944986500111247, 1.269059899756288, 1.2426035517933602, 0.09040763598771373, -0.7866446871873487, -0.26876795507818496, 0.8908036471656298, 0.7369479958154157, -1.539849566064446, -4.27900736023687, -4.765206096037403, -2.0237736256253993, 2.0276496169132026, 4.37977546685635, 3.7886023638630872, 1.6966171131459515, 0.42220945776149343, 0.766836111970996, 1.5974463066624787, 1.5472780859587738, 0.6406258706675486, 0.004027948627943589, 0.2439772191788589, 0.5976281460804558, -0.11338443461528058, -1.9347988615679672, -3.5335944710822136, -3.5584569027572295, -2.034136155454724, -0.25975471490477886, 0.5412888122608224, 0.24773015495959277, -0.43482802683999755, -0.9340863699186058, -1.2304166564133132, -1.4540695892921915, -1.4788341105417016, -1.1564446044722403, -0.7598608490962894, -0.8040110620128114, -1.303163099641988, -1.4881288797033405, -0.6053992084621963, 1.0048126688600445, 1.9638665314268762, 1.256199579190752, -0.5167788613759178, -1.5866768457779572, -0.8480427918777479, 0.9457676347435473, 2.033589666481977, 1.620460977565976, 0.6984733072382554, 0.7527262218035222, 1.9024715387709594, 2.746863246247649, 2.1666109832215206, 0.9158944843087691, 0.9512175369635493, 3.0838916314922624, 5.655519854511435, 5.9533224928851025, 3.00548329156916, -1.2672283997093001, -3.8521699089144428, -3.501810427630076, -1.654986272035542, -0.6263707928887403, -1.2136947456060088, -2.2802283174219373, -2.4556331945492813, -1.76078433956903, -1.3190093172785102, -1.7338477104479726, -2.2398028420108522, -1.6562007715268057, 0.06462825312346676, 1.591188340412378, 1.5732601468232161, 0.03624233347835437, -1.7205501393136045, -2.4739852957428976, -2.1035205590980874, -1.3159244071166822, -0.6850884715763108, -0.23263555251874607, 0.16931839305709462, 0.39185944553524943, 0.283723898615009, 0.11462365868657032, 0.3960385251386084, 1.1386396640979561, 1.5695485530664308, 0.9315277514788494, -0.43891903246474506, -1.1667861723405193, -0.24001542315814806, 1.73666249839034, 2.991767771318081, 2.417041259783198, 0.7633539581027258, -0.2102534898597641, 0.28944986500112413, 1.2690598997562939, 1.242603551793361, 0.09040763598771973, -0.7866446871873372, -0.2687679550781833, 0.8908036471656201, 0.7369479958153967, -1.539849566064469, -4.279007360236886, -4.7652060960373985, -2.0237736256254464, 2.0276496169131706, 4.379775466856352, 3.788602363863041, 1.6966171131459202, 0.4222094577614708, 0.7668361119710065, 1.5974463066624844, 1.5472780859587938, 0.6406258706675608, 0.004027948627940148, 0.24397721917885246, 0.5976281460804542, -0.11338443461526099, -1.9347988615679688, -3.533594471082231, -3.5584569027572877, -2.034136155454772, -0.2597547149047744, 0.541288812260858, 0.24773015495960105, -0.4348280268400193, -0.9340863699186284, -1.2304166564133174, -1.4540695892921587, -1.4788341105416714, -1.1564446044722465, -0.7598608490963021, -0.8040110620128359, -1.3031630996419776, -1.4881288797033152, -0.6053992084621674, 1.0048126688600025, 1.9638665314268513, 1.2561995791907439, -0.5167788613758859, -1.5866768457779126, -0.848042791877738, 0.9457676347435213, 2.0335896664819626, 1.6204609775659558, 0.6984733072382624, 0.752726221803524, 1.9024715387709628, 2.7468632462476594, 2.166610983221518, 0.9158944843087555, 0.9512175369635364, 3.0838916314922336, 5.655519854511433, 5.953322492885125, 3.005483291569169, -1.2672283997093188, -3.8521699089144286, -3.501810427630078, -1.6549862720355448, -0.6263707928887225, -1.2136947456059923, -2.280228317421949, -2.4556331945492555, -1.7607843395690108, -1.3190093172784678, -1.7338477104479808, -2.2398028420108793, -1.6562007715268576, 0.06462825312343445, 1.5911883404123808, 1.5732601468232241, 0.036242333478331834, -1.7205501393136196, -2.473985295742904, -2.1035205590980883, -1.315924407116746, -0.6850884715763663, -0.23263555251875723, 0.16931839305710317, 0.3918594455352783, 0.2837238986149937, 0.11462365868654412, 0.3960385251386218, 1.1386396640979939, 1.5695485530664828, 0.9315277514789111, -0.43891903246480524, -1.166786172340569, -0.24001542315813917, 1.736662498390419, 2.9917677713181217, 2.4170412597831854, 0.7633539581027077, -0.21025348985974956, 0.2894498650011302, 1.2690598997562959, 1.2426035517932994, 0.0904076359876913, -0.7866446871873518, -0.2687679550781976, 0.8908036471656391, 0.7369479958154406, -1.5398495660644806, -4.279007360236889, -4.765206096037411, -2.0237736256253993]}