{"session_id": "b6724636", "step": 4, "signal": [2.508116285069336, 0.4056517506172213, -1.0666395880355768, -0.9317676659295608, 0.36172111735441675, 1.451241043329295, 1.4339498740107397, 0.6536385751763176, 0.1226681318783801, 0.3088588162696977, 0.6722547117386641, 0.42129911276273163, -0.45698188943764995, -1.1287181223499307, -0.8964696046122911, -0.08251574074344933, 0.24104457852442757, -0.5878512516947029, -2.0547080483228215, -2.9481045634894767, -2.5656844798903866, -1.3607832661081254, -0.3992738579021254, -0.2814410317956765, -0.6716142389538128, -0.8207444959084683, -0.40221920893870994, 0.22795540410904874, 0.49363602358021286, 0.17607054257975685, -0.4722870482120266, -1.0423184018155627, -1.273012416187508, -1.0974133587653372, -0.5691408529342403, 0.1384231552850948, 0.7252609590096107, 0.9195334139535778, 0.7209131499072666, 0.43204967323945054, 0.36267683239652576, 0.5128201264622791, 0.6279876812779996, 0.5761559845662746, 0.5505086236025154, 0.7754348623691867, 1.0535835989980338, 0.8111528319819338, -0.2336066567680528, -1.4920599389402482, -1.8211738048451247, -0.6099779484247313, 1.4546957020320817, 2.8609951856411975, 2.632930806697183, 1.2204616674313813, -0.012022892754333825, -0.1595134377511444, 0.43669698948320124, 0.7670381854476902, 0.3667312128689454, -0.2210222269706284, -0.20126439687333209, 0.44248333444658117, 0.8799060797930329, 0.41711581142970755, -0.620113288186522, -1.1562977033438133, -0.5261516645994968, 0.7588424892127854, 1.4900203625070982, 0.9674847072333606, -0.3533049987852016, -1.404719068377095, -1.5851098619961839, -1.2291996134580192, -1.0855179147037133, -1.4805947648658453, -2.058779400497994, -2.244716617007497, -1.8208631362023082, -1.041284166495731, -0.3170872372119712, 0.08837955662606362, 0.10551110527267954, -0.21499456741615786, -0.7029050488243684, -1.0615323556328629, -1.0224967820641806, -0.5890076697997384, -0.06727489753519014, 0.22943762513574, 0.2976581612900293, 0.38856841200810815, 0.6310679600996388, 0.8290828880183954, 0.7556110151687072, 0.6057075496155953, 0.9512304252827055, 2.072366088978159, 3.379321827431665, 3.728329183157168, 2.5081162850693266, 0.40565175061723047, -1.066639588035572, -0.9317676659295675, 0.3617211173544037, 1.4512410433292917, 1.4339498740107401, 0.6536385751763231, 0.12266813187837627, 0.3088588162696927, 0.6722547117386599, 0.4212991127627383, -0.45698188943763557, -1.128718122349925, -0.8964696046122946, -0.08251574074345583, 0.24104457852442757, -0.5878512516947019, -2.0547080483228144, -2.9481045634894723, -2.5656844798904084, -1.360783266108121, -0.3992738579021242, -0.28144103179566626, -0.6716142389538131, -0.8207444959084775, -0.40221920893871854, 0.22795540410904372, 0.4936360235802196, 0.1760705425797615, -0.47228704821202083, -1.0423184018155753, -1.273012416187505, -1.0974133587653172, -0.569140852934228, 0.13842315528508609, 0.7252609590096052, 0.9195334139535749, 0.7209131499072607, 0.4320496732394584, 0.36267683239652887, 0.5128201264622853, 0.6279876812780043, 0.5761559845662749, 0.550508623602523, 0.7754348623691855, 1.0535835989980376, 0.8111528319819267, -0.23360665676805736, -1.4920599389402476, -1.8211738048451198, -0.6099779484247652, 1.45469570203205, 2.860995185641187, 2.63293080669717, 1.2204616674313746, -0.012022892754340486, -0.15951343775114768, 0.4366969894831833, 0.7670381854476768, 0.36673121286893995, -0.22102222697063373, -0.20126439687333747, 0.4424833344465842, 0.8799060797930418, 0.4171158114297139, -0.6201132881865256, -1.1562977033438402, -0.526151664599535, 0.7588424892127626, 1.4900203625071171, 0.9674847072333742, -0.35330499878520066, -1.4047190683770998, -1.5851098619961963, -1.2291996134580212, -1.0855179147037066, -1.4805947648658342, -2.0587794004979676, -2.2447166170074953, -1.8208631362023107, -1.0412841664957249, -0.31708723721196075, 0.08837955662605679, 0.10551110527267435, -0.21499456741616513, -0.7029050488243536, -1.061532355632828, -1.0224967820641642, -0.5890076697997457, -0.0672748975351973, 0.2294376251357242, 0.29765816129002676, 0.38856841200810743, 0.6310679600996549, 0.8290828880184131, 0.7556110151687138, 0.6057075496155893, 0.9512304252826893, 2.072366088978135, 3.3793218274316503, 3.7283291831571743, 2.508116285069339, 0.40565175061723496, -1.0666395880355581, -0.9317676659295755, 0.3617211173543833, 1.4512410433292766, 1.4339498740107464, 0.6536385751763292, 0.1226681318783937, 0.3088588162696967, 0.6722547117386781, 0.42129911276272713, -0.45698188943765594, -1.1287181223499456, -0.8964696046123108, -0.08251574074346726, 0.2410445785244424, -0.5878512516946928, -2.0547080483228126, -2.9481045634894887, -2.5656844798904177, -1.360783266108157, -0.3992738579021352, -0.28144103179565594, -0.671614238953792, -0.8207444959084651, -0.4022192089387145, 0.22795540410904083, 0.4936360235802212, 0.17607054257975707, -0.47228704821201195, -1.0423184018155411, -1.2730124161875007, -1.0974133587653336, -0.5691408529342519, 0.13842315528508875, 0.7252609590096089, 0.9195334139535776, 0.7209131499072559, 0.432049673239473, 0.3626768323965471, 0.51282012646229, 0.6279876812779839, 0.5761559845662836, 0.5505086236025063, 0.7754348623691494, 1.0535835989980213, 0.8111528319819592, -0.23360665676801728, -1.4920599389402225, -1.8211738048451402, -0.6099779484247865]}