{"session_id": "b6724636", "step": 14, "signal": [2.2599793350279125, -2.1236715417249616, -5.066344622301688, -4.835616932029605, -2.6334088629048686, -1.0404829688413728, -1.281425043572309, -2.2940197635668427, -2.3736562854099414, -1.2645654398037436, -0.28251244851716373, -0.5272770691402899, -1.4636701754689827, -1.570863625669706, -0.22055048909777575, 1.4845401048956404, 1.8875542971121857, 0.5768441653070755, -1.2269903274083476, -2.016480285260848, -1.4596772359541756, -0.42890646175116337, 0.1709957477604928, 0.2754254964745392, 0.3690725074504472, 0.6846798164754887, 0.9998759901942574, 1.131149521510208, 1.245012161468463, 1.4752991034187077, 1.4648194195241833, 0.6905728492403929, -0.6577482595140647, -1.4518993130923779, -0.6588803973984327, 1.3755549532743605, 2.988623291376836, 2.79561310326074, 1.140879194031167, -0.28635417281942677, -0.31467374041230023, 0.48762118925095516, 0.6554229017298414, -0.2852910970189328, -1.2008762214923447, -0.8263699874201664, 0.43292361180684846, 0.6926006062178497, -1.2071995257901267, -3.984440259320553, -4.865844669062214, -2.4195838163475183, 1.7746403848689807, 4.53317774646452, 4.126396603568563, 1.7588861390600012, 0.013914722666819146, 0.11837300325399192, 1.01211461248604, 0.9923303989548528, -0.19524168963302552, -1.2336467358644754, -1.0222507424385703, -0.09573700118523576, 0.02521610716603606, -1.2879069304211317, -2.9329407485867103, -3.2539418876353845, -1.8405056596088962, 0.08521074947592455, 1.0138908382332614, 0.6114761538649709, -0.2520483916037518, -0.6743817909314429, -0.5936119101705295, -0.4972359099812186, -0.6208773813012425, -0.7450748971956108, -0.6892122955270855, -0.622638120360769, -0.6819228032364908, -0.5124676362549252, 0.4063177348554899, 1.88254990129042, 2.78604526815389, 2.082146373019874, 0.11525578151400095, -1.4528669685121294, -1.2381916927105, 0.4145983831686245, 1.8163084621649415, 1.795912194426613, 0.9224473643606126, 0.6621005495509782, 1.4902971334570387, 2.275098179890865, 1.7535237578913359, 0.3331072646651574, -0.09930487098345409, 1.6187663612131495, 4.208039261235296, 4.898086304523926, 2.2599793350278876, -2.1236715417249554, -5.066344622301686, -4.835616932029617, -2.633408862904885, -1.0404829688413773, -1.2814250435723116, -2.294019763566834, -2.373656285409946, -1.26456543980375, -0.28251244851717205, -0.5272770691402877, -1.4636701754689785, -1.570863625669682, -0.22055048909776576, 1.484540104895637, 1.8875542971121657, 0.5768441653070513, -1.226990327408346, -2.0164802852608386, -1.45967723595419, -0.4289064617511621, 0.1709957477604892, 0.27542549647453896, 0.3690725074504555, 0.6846798164754853, 0.9998759901942603, 1.131149521510206, 1.245012161468466, 1.4752991034186949, 1.464819419524193, 0.690572849240382, -0.6577482595140638, -1.4518993130923596, -0.6588803973984196, 1.375554953274336, 2.9886232913768453, 2.7956131032607363, 1.1408791940311227, -0.28635417281943615, -0.31467374041229623, 0.48762118925097103, 0.6554229017298512, -0.28529109701893196, -1.2008762214923459, -0.8263699874201784, 0.4329236118068389, 0.6926006062178294, -1.2071995257901529, -3.984440259320575, -4.8658446690622, -2.4195838163475543, 1.7746403848689583, 4.53317774646452, 4.1263966035685264, 1.7588861390599786, 0.01391472266680549, 0.11837300325399247, 1.012114612486013, 0.992330398954832, -0.19524168963303495, -1.2336467358644712, -1.0222507424385645, -0.09573700118522682, 0.02521610716605316, -1.2879069304211337, -2.932940748586719, -3.2539418876354254, -1.8405056596089322, 0.08521074947591278, 1.0138908382332907, 0.611476153864983, -0.25204839160375, -0.674381790931436, -0.5936119101705385, -0.49723590998122824, -0.6208773813012498, -0.7450748971956143, -0.6892122955270673, -0.6226381203607598, -0.6819228032364713, -0.5124676362549196, 0.40631773485550265, 1.8825499012903792, 2.7860452681538774, 2.0821463730198606, 0.11525578151401994, -1.4528669685120865, -1.2381916927104704, 0.4145983831686255, 1.816308462164945, 1.7959121944265897, 0.9224473643605982, 0.6621005495509671, 1.4902971334570614, 2.2750981798908967, 1.753523757891355, 0.3331072646651513, -0.09930487098347163, 1.618766361213118, 4.208039261235278, 4.898086304523933, 2.2599793350278787, -2.123671541724983, -5.0663446223016715, -4.835616932029623, -2.633408862904899, -1.040482968841379, -1.2814250435722911, -2.294019763566833, -2.373656285409926, -1.2645654398037394, -0.28251244851715457, -0.5272770691403288, -1.4636701754690185, -1.570863625669733, -0.2205504890977915, 1.484540104895625, 1.8875542971122266, 0.5768441653070943, -1.2269903274083518, -2.0164802852608963, -1.4596772359542252, -0.428906461751188, 0.1709957477605215, 0.2754254964745825, 0.3690725074504676, 0.6846798164755032, 0.9998759901942582, 1.131149521510211, 1.2450121614684608, 1.475299103418663, 1.4648194195241668, 0.6905728492404253, -0.6577482595140687, -1.4518993130923665, -0.6588803973984354, 1.3755549532743505, 2.9886232913768316, 2.7956131032607336, 1.1408791940311596, -0.28635417281938097, -0.3146737404122515, 0.4876211892509496, 0.6554229017298054, -0.2852910970189013, -1.2008762214923285, -0.8263699874202185, 0.43292361180678784, 0.6926006062178388, -1.20719952579012, -3.984440259320531, -4.865844669062223, -2.41958381634757]}