{"session_id": "b6724636", "step": 11, "signal": [1.6238944964290027, -2.0552046169218583, -4.028619736367467, -3.196031583075614, -1.1719404397580284, -0.4463126859914659, -1.7164934853151306, -3.3124281395808324, -3.2225970472445375, -1.340314714034226, 0.5499240954700804, 0.8570585298719055, -0.13569180222874416, -0.8196294934732, -0.21383352545176504, 1.0044844876246843, 1.4540506831998141, 0.6902183936689843, -0.4144540197584028, -0.8370436744128138, -0.5775891437323946, -0.4586584573607942, -0.949039427261003, -1.5422879364036883, -1.4067186694773457, -0.41552792048318465, 0.7125145748077374, 1.2265770612011537, 1.0212365921441404, 0.424368193537491, -0.39617062316522517, -1.453172962641677, -2.3865522743095897, -2.3306152815142394, -0.7589260950481193, 1.5656064619040224, 2.9067646992672893, 2.1706765301136053, 0.15360813748487356, -1.1212089806041026, -0.4502568739555727, 1.325543194495952, 2.316771571593313, 1.69132601056467, 0.4745599710185834, 0.14248172473049292, 0.7291885827474102, 0.7827805389730533, -0.701572852839903, -2.697297080491479, -2.9673203630230875, -0.5492207460063122, 2.9144711440205833, 4.659453435479487, 3.5888696583588593, 1.3208278664282793, 0.3489924824278917, 1.3744409266009854, 2.730828393837083, 2.410266573766496, 0.309567614755743, -1.783462745209676, -2.2746895415426667, -1.4445417302896977, -0.8992518303413303, -1.6176391009209459, -2.9207851584401894, -3.426130233657891, -2.688182108011885, -1.5791067651719397, -1.1218938317294036, -1.3170295878595237, -1.3429210109779004, -0.732190669513441, 0.006892945709022047, 0.04043380782590744, -0.7609353263364849, -1.681322223194464, -1.973042974753537, -1.5340451085181717, -0.6957456583531699, 0.37033801564755614, 1.6732768084196556, 2.849256023442764, 3.0289048168199577, 1.6822160589683501, -0.4313122040724071, -1.5786608922370937, -0.6688958738049275, 1.4990839041835449, 2.8997592809420865, 2.3277044233643633, 0.6223414128992376, -0.32797785129559515, 0.3082287371005403, 1.5054445922734077, 1.7879578033142973, 1.1224224145867179, 0.9619333923591323, 2.3129416334346256, 4.150894002173798, 4.24111037817543, 1.623894496428998, -2.055204616921846, -4.028619736367479, -3.196031583075647, -1.171940439758051, -0.44631268599146356, -1.7164934853151157, -3.3124281395808195, -3.2225970472445407, -1.3403147140342295, 0.5499240954700695, 0.8570585298719147, -0.13569180222873387, -0.8196294934731916, -0.21383352545177292, 1.004484487624684, 1.4540506831998052, 0.6902183936689739, -0.41445401975840446, -0.8370436744128186, -0.5775891437324059, -0.45865845736077104, -0.9490394272609777, -1.5422879364036723, -1.4067186694773461, -0.41552792048320747, 0.7125145748077333, 1.2265770612011524, 1.0212365921441529, 0.42436819353749955, -0.3961706231652099, -1.4531729626416872, -2.3865522743095857, -2.3306152815142207, -0.7589260950481223, 1.565606461903981, 2.906764699267291, 2.1706765301136155, 0.1536081374848567, -1.1212089806040941, -0.4502568739555628, 1.3255431944959608, 2.316771571593306, 1.6913260105646744, 0.4745599710185968, 0.14248172473048692, 0.7291885827474074, 0.7827805389730402, -0.7015728528399126, -2.6972970804914826, -2.9673203630230853, -0.5492207460063667, 2.9144711440205477, 4.659453435479503, 3.588869658358834, 1.320827866428265, 0.3489924824278874, 1.3744409266009932, 2.7308283938370703, 2.410266573766507, 0.309567614755766, -1.7834627452096736, -2.274689541542673, -1.444541730289704, -0.8992518303413127, -1.6176391009209334, -2.920785158440174, -3.426130233657901, -2.688182108011901, -1.5791067651719437, -1.1218938317294018, -1.317029587859528, -1.342921010977891, -0.7321906695134218, 0.006892945709034315, 0.040433807825921764, -0.7609353263364809, -1.6813222231944578, -1.9730429747535363, -1.5340451085181863, -0.6957456583531652, 0.3703380156475673, 1.673276808419682, 2.8492560234427504, 3.028904816819965, 1.6822160589683286, -0.4313122040724021, -1.578660892237073, -0.6688958738049099, 1.4990839041835518, 2.8997592809421047, 2.3277044233643664, 0.622341412899238, -0.32797785129560897, 0.3082287371005362, 1.5054445922734128, 1.7879578033143038, 1.1224224145867168, 0.9619333923591401, 2.312941633434617, 4.150894002173788, 4.241110378175432, 1.6238944964289785, -2.055204616921889, -4.028619736367463, -3.1960315830756367, -1.1719404397580426, -0.4463126859914436, -1.7164934853150946, -3.312428139580836, -3.222597047244564, -1.3403147140342324, 0.549924095470073, 0.857058529871885, -0.1356918022287559, -0.8196294934732107, -0.2138335254517576, 1.0044844876246648, 1.45405068319983, 0.690218393668991, -0.41445401975839924, -0.8370436744128285, -0.5775891437324023, -0.4586584573607796, -0.949039427260962, -1.542287936403655, -1.40671866947735, -0.41552792048316484, 0.7125145748077465, 1.226577061201159, 1.0212365921441524, 0.4243681935375029, -0.39617062316519813, -1.4531729626416443, -2.386552274309617, -2.3306152815142465, -0.7589260950481207, 1.5656064619040349, 2.9067646992673035, 2.170676530113595, 0.15360813748484503, -1.121208980604092, -0.4502568739555857, 1.3255431944959535, 2.3167715715933035, 1.6913260105647208, 0.47455997101860625, 0.14248172473042275, 0.7291885827473435, 0.7827805389730408, -0.7015728528398962, -2.697297080491459, -2.9673203630230973, -0.5492207460063662]}