{"session_id": "0834198f", "step": 10, "signal": [1.1856617207239886, -2.3415680059729005, -4.366025008433917, -3.5200113989116444, -1.111569504648355, 0.45747369136938987, 0.18209574345318852, -0.8613913815192833, -1.147517873045127, -0.5484409567746705, -0.25621989021893943, -1.0620595276185203, -2.2039420885270777, -2.204946229391126, -0.6746032721047102, 1.103046711333424, 1.509807152748877, 0.317081253589401, -1.1421713451419753, -1.4477177363327935, -0.48260104782259894, 0.7175470967753311, 1.2437353162458433, 1.141481680949949, 0.9984852750583803, 1.074485241900142, 1.1321136701181098, 1.0096193115334082, 0.9638492502528508, 1.2347552837426659, 1.490338786925397, 1.0917297896736908, 0.008548826393361186, -0.8270814762312386, -0.41602018138430213, 1.0623195283588727, 2.1989068905504023, 1.76144852749033, 0.03990634003567303, -1.456805748052238, -1.664068083342694, -1.0588721787498225, -0.8981606556333033, -1.5414695246846275, -1.9561047642954226, -1.094981926423459, 0.5155595845600158, 1.0591785886929084, -0.5037694292686169, -2.932455376819279, -3.6914746842845982, -1.5695764448611405, 1.9033693221755061, 3.880185010347521, 2.993894925669217, 0.5531519456906396, -1.0397272950681025, -0.7793590207774891, 0.25817233303700116, 0.5474872392921932, -0.039305409478760434, -0.3103325727382468, 0.525289325784216, 1.7050910369220698, 1.751576401456981, 0.27358729229315243, -1.4456298495416324, -1.78876423818854, -0.5281835811984463, 1.0021238714642595, 1.380848093530813, 0.4899229115180703, -0.636144718572517, -1.0894864006122544, -0.9167244842138863, -0.7066268872174857, -0.719949938610041, -0.7202758451832847, -0.546722006575498, -0.4569095165635044, -0.6914578109386771, -0.9189194108875557, -0.5008506456698897, 0.5928329600623519, 1.4298495702710234, 1.0110372331305155, -0.4840733708837649, -1.6461972496620363, -1.2426539179433729, 0.4371088407192225, 1.8848104361173403, 2.0365741639309234, 1.370232839391221, 1.1436559860961328, 1.7173780660032247, 2.05975992229471, 1.1248123945684103, -0.560006005758981, -1.177228136796603, 0.3139062650763712, 2.6736567285717636, 3.367663675684468, 1.185661720723989, -2.341568005972871, -4.366025008433911, -3.5200113989116737, -1.1115695046483807, 0.45747369136938243, 0.18209574345317686, -0.8613913815192633, -1.1475178730451132, -0.5484409567746601, -0.256219890218937, -1.0620595276185179, -2.203942088527079, -2.2049462293911133, -0.6746032721047107, 1.1030467113334317, 1.5098071527488663, 0.3170812535893831, -1.1421713451419686, -1.447717736332796, -0.4826010478226137, 0.7175470967753205, 1.2437353162458264, 1.1414816809499517, 0.9984852750584106, 1.0744852419001534, 1.1321136701181096, 1.0096193115333856, 0.9638492502528462, 1.2347552837426434, 1.4903387869254074, 1.0917297896736904, 0.008548826393378617, -0.8270814762312187, -0.4160201813843026, 1.0623195283588505, 2.1989068905504157, 1.7614485274903255, 0.039906340035632065, -1.4568057480522358, -1.6640680833426778, -1.058872178749795, -0.8981606556332977, -1.5414695246846308, -1.9561047642954468, -1.0949819264234848, 0.5155595845600023, 1.0591785886929044, -0.5037694292686099, -2.932455376819286, -3.6914746842846045, -1.569576444861195, 1.903369322175453, 3.880185010347512, 2.9938949256691827, 0.5531519456906215, -1.0397272950680805, -0.7793590207774708, 0.2581723330369937, 0.5474872392921785, -0.03930540947876909, -0.31033257273824394, 0.5252893257842138, 1.705091036922072, 1.7515764014569672, 0.2735872922931313, -1.4456298495416284, -1.7887642381885562, -0.5281835811984581, 1.0021238714642413, 1.3808480935307934, 0.4899229115180594, -0.6361447185725158, -1.0894864006122305, -0.9167244842138733, -0.7066268872175112, -0.7199499386100404, -0.7202758451832842, -0.5467220065754772, -0.4569095165634903, -0.691457810938701, -0.9189194108875641, -0.500850645669882, 0.5928329600623575, 1.4298495702710645, 1.0110372331305164, -0.4840733708837697, -1.64619724966203, -1.2426539179433758, 0.43710884071923517, 1.884810436117362, 2.036574163930914, 1.3702328393912095, 1.1436559860961164, 1.717378066003233, 2.0597599222947207, 1.1248123945683985, -0.5600060057589895, -1.1772281367966195, 0.313906265076359, 2.6736567285717694, 3.3676636756844744, 1.1856617207239626, -2.341568005972908, -4.366025008433905, -3.5200113989116595, -1.1115695046483798, 0.45747369136938365, 0.18209574345320273, -0.861391381519276, -1.1475178730451125, -0.5484409567746716, -0.2562198902189287, -1.062059527618541, -2.2039420885270857, -2.204946229391132, -0.6746032721047301, 1.1030467113333873, 1.5098071527488812, 0.31708125358940253, -1.142171345141973, -1.4477177363328146, -0.48260104782262786, 0.7175470967753136, 1.2437353162458575, 1.1414816809499653, 0.9984852750583804, 1.0744852419001396, 1.1321136701181114, 1.0096193115334167, 0.9638492502528774, 1.234755283742648, 1.4903387869253952, 1.09172978967371, 0.00854882639334098, -0.8270814762312533, -0.4160201813843136, 1.0623195283588744, 2.198906890550422, 1.7614485274903455, 0.03990634003567828, -1.4568057480522083, -1.6640680833426895, -1.0588721787498414, -0.8981606556333532, -1.5414695246846082, -1.9561047642954015, -1.0949819264234812, 0.5155595845599718, 1.0591785886928975, -0.5037694292686256, -2.932455376819271, -3.691474684284601, -1.5695764448611698]}