{"session_id": "0834198f", "step": 14, "signal": [0.9482343455861342, -2.6378964138019794, -4.742599495598707, -4.153683530255955, -2.1053694664979954, -0.7524640096833619, -0.9170622181204369, -1.5730856221002565, -1.4266531140671235, -0.565089620817576, -0.22560424702183482, -1.0772384488595117, -2.1897663986029556, -2.000454257677659, -0.16795382146532206, 1.88273331522774, 2.4079649261525597, 1.1702770128412423, -0.379487459888746, -0.6877017439188928, 0.3633142972930217, 1.5735952054443123, 1.8538658826786645, 1.2569143077455918, 0.6023584863110613, 0.402686854057409, 0.43939833156310015, 0.30986856771664395, 0.03127477615711066, -0.10898757780608509, -0.11679736130515728, -0.34644595834893677, -0.8852591344440951, -1.1471130635350246, -0.40648342711336105, 1.2347254980846196, 2.6773228478620776, 2.8360517665632368, 1.7526470109005663, 0.498132874645164, -0.04924514331679686, -0.09478685581312674, -0.42092383485972157, -1.161995290235559, -1.4885583271734433, -0.7213051403883831, 0.4885206035380314, 0.5627042405084589, -1.2048345251585064, -3.4873255572509203, -3.9659888670755556, -1.6885204016541164, 1.7823167214195133, 3.7846958829083728, 3.1079768395929652, 0.9877115453580876, -0.4202025871267296, -0.292836624102726, 0.34429536760918367, 0.19759865500639406, -0.6455978300425702, -0.9483634079895263, -0.04221325732983672, 1.141800387995235, 1.039860039134632, -0.6907069758357203, -2.6264442688703395, -3.0254521361767095, -1.6521800025747724, 0.0404738485453483, 0.49671661174214615, -0.4033758103788479, -1.4621258077372858, -1.5925553366223966, -0.8497238148529903, -0.055460639387230955, 0.2756279330152559, 0.3600508349223892, 0.5985961437313749, 0.972434081265811, 1.1927253780498475, 1.2641357440195466, 1.5399924431843415, 2.106920773324725, 2.3783707113087442, 1.6286724729148803, -0.04013219435877469, -1.5284341029950117, -1.7502835628144255, -0.7464584874676838, 0.4132231761086519, 0.8519534926473502, 0.7766792633803798, 0.9716635068477844, 1.573233574610208, 1.7540612707367869, 0.8370479891548106, -0.5242923931740471, -0.7494484046798193, 0.8699488376241372, 3.0093748720128852, 3.352218429325978, 0.9482343455861233, -2.6378964138019585, -4.742599495598701, -4.153683530255976, -2.105369466498016, -0.7524640096833723, -0.9170622181204378, -1.5730856221002578, -1.42665311406713, -0.5650896208175885, -0.22560424702183202, -1.0772384488594946, -2.1897663986029485, -2.0004542576776503, -0.1679538214653325, 1.88273331522772, 2.407964926152539, 1.170277012841228, -0.37948745988873833, -0.6877017439188882, 0.3633142972930101, 1.5735952054443372, 1.8538658826786816, 1.2569143077455989, 0.6023584863110534, 0.4026868540573958, 0.4393983315631016, 0.3098685677166565, 0.031274776157131035, -0.10898757780609472, -0.11679736130517737, -0.3464459583489562, -0.8852591344440857, -1.1471130635349938, -0.4064834271133513, 1.2347254980845874, 2.677322847862068, 2.836051766563236, 1.7526470109005563, 0.4981328746451765, -0.0492451433167953, -0.09478685581313251, -0.4209238348597277, -1.161995290235563, -1.4885583271734375, -0.7213051403883829, 0.488520603538021, 0.5627042405084454, -1.2048345251585169, -3.487325557250928, -3.965988867075551, -1.6885204016541622, 1.7823167214194708, 3.784695882908366, 3.1079768395929324, 0.9877115453580683, -0.4202025871267259, -0.29283662410269523, 0.3442953676091852, 0.1975986550063905, -0.6455978300425816, -0.948363407989548, -0.0422132573298547, 1.1418003879952325, 1.039860039134638, -0.690706975835718, -2.6264442688703427, -3.0254521361767366, -1.652180002574799, 0.040473848545338975, 0.4967166117421493, -0.4033758103788602, -1.4621258077373072, -1.5925553366223992, -0.8497238148529783, -0.055460639387214086, 0.2756279330152681, 0.3600508349223891, 0.5985961437313594, 0.972434081265793, 1.1927253780498397, 1.2641357440195573, 1.5399924431843586, 2.1069207733247204, 2.378370711308749, 1.6286724729148796, -0.04013219435875803, -1.5284341029949746, -1.750283562814408, -0.7464584874676863, 0.41322317610864046, 0.8519534926473293, 0.7766792633803595, 0.9716635068477788, 1.5732335746102175, 1.7540612707367984, 0.8370479891548018, -0.5242923931740572, -0.7494484046798239, 0.86994883762414, 3.009374872012884, 3.3522184293259842, 0.9482343455861028, -2.637896413801996, -4.742599495598696, -4.153683530255966, -2.105369466498016, -0.752464009683367, -0.9170622181204323, -1.5730856221002638, -1.4266531140671268, -0.5650896208175737, -0.22560424702181273, -1.0772384488595224, -2.189766398602978, -2.0004542576776903, -0.1679538214653561, 1.8827333152277277, 2.4079649261525438, 1.170277012841211, -0.379487459888752, -0.6877017439188904, 0.36331429729301395, 1.5735952054442888, 1.8538658826786514, 1.256914307745614, 0.6023584863110976, 0.4026868540574349, 0.4393983315631003, 0.30986856771662363, 0.031274776157109885, -0.10898757780609372, -0.1167973613051394, -0.3464459583489168, -0.885259134444133, -1.147113063535056, -0.40648342711336655, 1.2347254980846503, 2.6773228478621016, 2.8360517665632226, 1.75264701090053, 0.4981328746451933, -0.04924514331676022, -0.09478685581311364, -0.4209238348597677, -1.1619952902355704, -1.488558327173449, -0.7213051403883948, 0.4885206035380256, 0.5627042405084758, -1.2048345251585293, -3.487325557250945, -3.9659888670755574, -1.6885204016541189]}