{"session_id": "b6724636", "step": 12, "signal": [1.2571452557686347, -2.878412509020259, -5.296944602590759, -4.537137113512414, -2.0546344497637827, -0.5193614177342295, -1.052948233547984, -2.3936502025843915, -2.6775620022654034, -1.6135934857858487, -0.5977584719684716, -0.8521255794204066, -1.9219308674420954, -2.272202995629289, -1.16133978309956, 0.47555508233005384, 1.1206291218248587, 0.38369090795115857, -0.6543238560424987, -0.7432993606867355, 0.19672988487270016, 1.1823289972876125, 1.3982726279934965, 1.0097943173941246, 0.7274182157897455, 0.873449107375924, 1.1459507092984458, 1.1969226692002306, 1.081825573467484, 0.9717337927164341, 0.6815789946601137, -0.11570399792209507, -1.1434654946902463, -1.3619650845630185, 0.038854028820833664, 2.474402661753586, 4.147166173424261, 3.694696529306761, 1.607127362532088, -0.24444952482759996, -0.5588115951640301, 0.12471394684166703, 0.27360634499926223, -0.6991479671774458, -1.7427404047521877, -1.5801083601731678, -0.4986061125657895, -0.2249678647091401, -1.8373187392885733, -4.1357711382854525, -4.57657471516858, -1.9748083648555173, 1.9877273790590155, 4.246739330410948, 3.343331740519977, 0.7353258485150884, -0.9054510382049168, -0.45576937262344663, 0.8238980671882244, 1.0705711798998574, -0.0062756807582475815, -1.0104334733930693, -0.7200105941675222, 0.4096824474720177, 0.8427664738226317, -0.16361603996041907, -1.6759452269513764, -2.178256897025414, -1.2825237547453, -0.0720886726075668, 0.20031882365091236, -0.5480473988366922, -1.3366578727814329, -1.3532733965788657, -0.7661491215495926, -0.28882046832607755, -0.2465475030627392, -0.34024843742882827, -0.2246333549280366, 0.04231186830006417, 0.28721099881187484, 0.693088826887032, 1.5852562865726432, 2.68562533572742, 2.953354906787849, 1.5776419270602196, -0.8573050031422907, -2.5539803642086545, -2.1495736423503438, -0.13348988578958276, 1.6242627493520971, 1.823884005490919, 1.0064404410908376, 0.7064828730530958, 1.51331486185192, 2.378643035841557, 2.028107091993562, 0.7519097410075738, 0.2797365649686132, 1.692722273697966, 3.7940014418696, 4.042812668144319, 1.2571452557686307, -2.8784125090202304, -5.296944602590756, -4.537137113512444, -2.054634449763817, -0.5193614177342385, -1.0529482335479725, -2.3936502025843707, -2.677562002265389, -1.6135934857858438, -0.597758471968487, -0.852125579420419, -1.9219308674421045, -2.2722029956292715, -1.1613397830995542, 0.4755550823300507, 1.120629121824835, 0.38369090795113736, -0.6543238560424937, -0.7432993606867256, 0.19672988487268722, 1.1823289972876263, 1.3982726279935054, 1.0097943173941366, 0.7274182157897593, 0.8734491073759224, 1.1459507092984451, 1.1969226692002213, 1.0818255734674809, 0.9717337927164282, 0.6815789946601287, -0.11570399792210673, -1.1434654946902454, -1.3619650845630045, 0.038854028820840214, 2.474402661753559, 4.1471661734242655, 3.6946965293067553, 1.607127362532049, -0.24444952482759008, -0.5588115951639964, 0.12471394684169673, 0.27360634499926273, -0.6991479671774663, -1.7427404047522006, -1.580108360173164, -0.4986061125657765, -0.22496786470913732, -1.8373187392885901, -4.135771138285492, -4.576574715168592, -1.9748083648555708, 1.9877273790589784, 4.246739330410941, 3.3433317405199334, 0.7353258485150637, -0.905451038204901, -0.4557693726234131, 0.8238980671882226, 1.070571179899847, -0.006275680758250024, -1.0104334733930753, -0.7200105941675138, 0.409682447472028, 0.8427664738226426, -0.16361603996043217, -1.675945226951392, -2.1782568970254443, -1.282523754745304, -0.07208867260756169, 0.2003188236509248, -0.5480473988367058, -1.3366578727814393, -1.3532733965788535, -0.7661491215495799, -0.2888204683260738, -0.24654750306274031, -0.34024843742882716, -0.22463335492804282, 0.042311868300047295, 0.28721099881185963, 0.6930888268870375, 1.585256286572679, 2.68562533572743, 2.9533549067878733, 1.5776419270602071, -0.8573050031422935, -2.5539803642086265, -2.149573642350309, -0.13348988578956134, 1.6242627493521136, 1.823884005490894, 1.0064404410908048, 0.7064828730530741, 1.513314861851925, 2.378643035841561, 2.0281070919935367, 0.7519097410075407, 0.27973656496861377, 1.692722273697995, 3.7940014418696304, 4.042812668144326, 1.2571452557685878, -2.878412509020304, -5.29694460259075, -4.537137113512418, -2.05463444976379, -0.5193614177342353, -1.0529482335479796, -2.393650202584401, -2.6775620022653994, -1.6135934857858378, -0.5977584719684601, -0.8521255794204403, -1.9219308674421196, -2.2722029956292955, -1.1613397830995569, 0.4755550823300423, 1.1206291218248878, 0.38369090795116545, -0.6543238560425105, -0.7432993606867826, 0.19672988487266307, 1.1823289972876099, 1.3982726279935302, 1.0097943173941555, 0.7274182157897428, 0.8734491073759147, 1.145950709298455, 1.1969226692002548, 1.0818255734675155, 0.9717337927164273, 0.6815789946601186, -0.11570399792207914, -1.1434654946902723, -1.3619650845630253, 0.03885402882082889, 2.474402661753587, 4.147166173424263, 3.694696529306752, 1.6071273625320768, -0.2444495248275549, -0.5588115951640094, 0.1247139468416601, 0.2736063449992453, -0.6991479671773875, -1.7427404047521557, -1.5801083601732187, -0.4986061125658596, -0.22496786470915364, -1.8373187392885608, -4.13577113828543, -4.5765747151685945, -1.9748083648555794]}