{"session_id": "0834198f", "step": 3, "signal": [0.3543662921497315, -0.46172288397961, -0.9360553624740701, -0.8769171184744062, -0.48772168441386116, -0.0785902811972895, 0.18111275196324342, 0.25681932352698356, 0.1317550464695533, -0.1852816738356942, -0.5402458395783594, -0.638200121941545, -0.282010672594876, 0.3736326395129001, 0.8712900811277623, 0.8223649470596764, 0.2522312443515851, -0.42852517543668023, -0.7882099424406486, -0.7005606774369976, -0.3462122489364242, 0.023433086499319168, 0.2597228561170897, 0.2951876128533371, 0.08061317845368446, -0.3465280763181447, -0.7469371063826327, -0.7606912631329255, -0.22477123289689444, 0.5774810560965918, 1.068692083147818, 0.8679349685070165, 0.15453187158855092, -0.48021091493437446, -0.5627044979700384, -0.12327719488371591, 0.4186469881842367, 0.6910232100344597, 0.6462088861365586, 0.4460557445444591, 0.1928726920280376, -0.1275475848254632, -0.46050144760352396, -0.5750201944965763, -0.2647540264701422, 0.3388481184176282, 0.75576935881226, 0.5637677999021292, -0.1602257827194581, -0.8479047724822235, -0.9329851798377399, -0.35215363885654566, 0.432831403907002, 0.8764977144232224, 0.7875961356800507, 0.36999138192635644, -0.06576466960530984, -0.3499040771741119, -0.4474883187123276, -0.34141136401963545, -0.04018379001694331, 0.30238905602833144, 0.3915576850748928, 0.030321430341042094, -0.6265533347992379, -1.121608209519224, -1.0662859408901042, -0.486057509993872, 0.2083382058203006, 0.5850000788633242, 0.5174083742898317, 0.1858939084399489, -0.15848720172269049, -0.3674654633471671, -0.37398544399127814, -0.12927173870151887, 0.32874640113396814, 0.7603018683322651, 0.8049998660485012, 0.2993520035239154, -0.4737586862173807, -0.9374004394150272, -0.7110642984083069, 0.025539825422553453, 0.6807539354861561, 0.7806788142932284, 0.35537853853363865, -0.1759370369862298, -0.4413838867436258, -0.3934244684256736, -0.1939581865117787, 0.054716464320777605, 0.366875140258643, 0.6879394403377748, 0.7871208963995756, 0.45830220710459213, -0.16678645217799998, -0.6078024864376298, -0.442138748348577, 0.2536732410122098, 0.9117540693015468, 0.9662684249282452, 0.3543662921497254, -0.4617228839796058, -0.9360553624740691, -0.8769171184744085, -0.48772168441386515, -0.0785902811972946, 0.18111275196324111, 0.25681932352698233, 0.13175504646954997, -0.18528167383569752, -0.5402458395783564, -0.6382001219415457, -0.282010672594884, 0.3736326395129048, 0.8712900811277635, 0.8223649470596804, 0.2522312443515809, -0.42852517543668145, -0.7882099424406477, -0.7005606774369967, -0.3462122489364329, 0.023433086499317822, 0.2597228561170886, 0.29518761285333545, 0.08061317845368762, -0.3465280763181436, -0.7469371063826322, -0.760691263132927, -0.22477123289689874, 0.5774810560965757, 1.0686920831478153, 0.8679349685070133, 0.1545318715885564, -0.48021091493437285, -0.5627044979700402, -0.12327719488372567, 0.41864698818423307, 0.6910232100344565, 0.6462088861365549, 0.44605574454445684, 0.1928726920280321, -0.12754758482546888, -0.4605014476035244, -0.5750201944965789, -0.26475402647014856, 0.3388481184176233, 0.755769358812258, 0.563767799902127, -0.1602257827194606, -0.8479047724822247, -0.9329851798377402, -0.3521536388565599, 0.4328314039069934, 0.8764977144232232, 0.7875961356800443, 0.3699913819263597, -0.06576466960530909, -0.3499040771741129, -0.44748831871233535, -0.3414113640196538, -0.040183790016962775, 0.30238905602832333, 0.3915576850748998, 0.030321430341042552, -0.626553334799236, -1.1216082095192237, -1.0662859408901015, -0.48605750999389336, 0.20833820582028006, 0.5850000788633195, 0.5174083742898331, 0.18589390843995712, -0.15848720172268532, -0.36746546334716496, -0.37398544399128114, -0.12927173870152747, 0.3287464011339612, 0.7603018683322597, 0.8049998660485178, 0.2993520035239213, -0.4737586862173746, -0.9374004394150269, -0.7110642984083101, 0.025539825422532955, 0.6807539354861447, 0.7806788142932306, 0.3553785385336523, -0.17593703698621319, -0.44138388674361567, -0.39342446842567574, -0.19395818651178479, 0.05471646432076113, 0.36687514025863155, 0.687939440337774, 0.7871208963995838, 0.45830220710460845, -0.16678645217798777, -0.6078024864376318, -0.4421387483485902, 0.2536732410121881, 0.9117540693015355, 0.9662684249282488, 0.35436629214973153, -0.4617228839795901, -0.9360553624740584, -0.876917118474413, -0.48772168441387914, -0.07859028119730696, 0.18111275196323612, 0.25681932352698905, 0.13175504646957165, -0.1852816738356904, -0.5402458395783499, -0.6382001219415526, -0.2820106725948976, 0.3736326395128725, 0.8712900811277513, 0.8223649470596911, 0.2522312443515902, -0.42852517543667545, -0.7882099424406471, -0.7005606774370016, -0.34621224893644864, 0.02343308649929507, 0.25972285611708185, 0.29518761285334794, 0.08061317845370736, -0.34652807631813554, -0.7469371063826324, -0.7606912631329319, -0.22477123289690493, 0.5774810560965649, 1.0686920831478133, 0.8679349685070387, 0.15453187158855483, -0.48021091493436857, -0.5627044979700323, -0.12327719488372291, 0.41864698818422486, 0.6910232100344474, 0.6462088861365559, 0.4460557445444822, 0.19287269202806614, -0.12754758482545758, -0.4605014476035273, -0.5750201944965853, -0.2647540264701567, 0.3388481184176163, 0.7557693588122599, 0.563767799902144, -0.16022578271944854, -0.8479047724822154, -0.9329851798377422, -0.3521536388565603]}