{"session_id": "0834198f", "step": 15, "signal": [1.687224703828913, -2.222862375726143, -4.3015611780339125, -3.849527979149296, -2.3863849293926718, -1.7100152188798552, -2.0753049918048934, -2.4001276738697954, -1.9273309277937376, -1.1984837225059213, -1.243825344263475, -2.1312298424954186, -2.731352917233162, -2.000776213041994, -0.23653941961859215, 1.1776116445503726, 1.2101527837885586, 0.15639616234637588, -0.8441121923874422, -1.0270061073714711, -0.5492412560309923, 0.04002738478142909, 0.5088808184719462, 0.9454229671281701, 1.2830653240949546, 1.216384828165917, 0.7063472877130204, 0.2876760096016491, 0.5343239239274076, 1.2223702813187574, 1.3588403219135121, 0.3077862660170485, -1.2254316323285304, -1.6780132641838756, -0.2706336628948281, 1.9994963206035377, 3.2604074504743954, 2.6743758334769216, 1.2293131348587012, 0.5069543406017996, 0.8639053449040003, 1.1625076298933215, 0.3483686279378461, -1.070882651336891, -1.5283868962137697, -0.38361815612560124, 1.0057672230139156, 0.5961051376436601, -1.9613576064217075, -4.589544865952008, -4.707888160719681, -1.8473442136891376, 1.839694223212233, 3.701152821478322, 3.040980997214849, 1.3819560701380613, 0.5249305999529994, 0.7275292880199599, 0.9100917910492772, 0.3176222910622305, -0.5064961260503383, -0.5305799595741826, 0.31429725905334505, 0.8994359000725783, 0.18164475678965508, -1.5422302971692008, -2.8890552861451346, -2.828326609133295, -1.6567703057244425, -0.515718126407527, -0.1716667453421723, -0.4701034720140014, -0.8645917611434086, -1.1261652877199242, -1.3460701259334864, -1.4610017699273554, -1.168913225884992, -0.43418725841946604, 0.2050467780851183, 0.17149244694517518, -0.3141597839731819, -0.2620032434559233, 0.9610504614972819, 2.64703373749147, 3.230830708182523, 1.9311273161331373, -0.25649784929467256, -1.4613262412051828, -0.8464841234974736, 0.5996801007578899, 1.2954147475730342, 0.8845175176862441, 0.505464698759588, 1.2138684065127188, 2.503702470599594, 2.8100694123646934, 1.4947343686950993, -0.0820607031988837, 0.12618924015106459, 2.4712905956951388, 4.879386402383816, 4.773244542065772, 1.6872247038289006, -2.2228623757261188, -4.301561178033902, -3.8495279791493076, -2.3863849293926918, -1.7100152188798763, -2.075304991804899, -2.4001276738697888, -1.9273309277937427, -1.1984837225059226, -1.2438253442634624, -2.131229842495406, -2.7313529172331816, -2.0007762130419993, -0.23653941961860886, 1.1776116445503695, 1.2101527837885533, 0.15639616234637943, -0.844112192387438, -1.0270061073714811, -0.5492412560310178, 0.040027384781443076, 0.5088808184719557, 0.9454229671281735, 1.2830653240949672, 1.2163848281659178, 0.7063472877130303, 0.28767600960165074, 0.5343239239273959, 1.222370281318714, 1.358840321913501, 0.30778626601704084, -1.2254316323285042, -1.6780132641838428, -0.270633662894831, 1.9994963206034928, 3.2604074504743856, 2.6743758334769243, 1.2293131348586888, 0.5069543406018108, 0.8639053449040079, 1.1625076298933297, 0.34836862793786283, -1.0708826513368823, -1.5283868962137772, -0.3836181561256359, 1.005767223013899, 0.5961051376436561, -1.9613576064216922, -4.589544865952006, -4.707888160719693, -1.8473442136892162, 1.8396942232121793, 3.701152821478331, 3.04098099721483, 1.3819560701380629, 0.524930599952999, 0.7275292880199533, 0.9100917910492666, 0.3176222910622326, -0.5064961260503473, -0.5305799595742121, 0.3142972590533307, 0.8994359000725844, 0.18164475678968395, -1.5422302971691833, -2.8890552861451435, -2.828326609133351, -1.6567703057244856, -0.5157181264075258, -0.17166674534214438, -0.47010347201398617, -0.8645917611434125, -1.1261652877199335, -1.3460701259335015, -1.4610017699273512, -1.1689132258849932, -0.434187258419479, 0.20504677808511285, 0.1714924469451783, -0.31415978397317595, -0.26200324345590886, 0.9610504614972968, 2.647033737491439, 3.230830708182531, 1.931127316133152, -0.2564978492946405, -1.4613262412051564, -0.8464841234974807, 0.5996801007578714, 1.2954147475730258, 0.88451751768624, 0.5054646987595839, 1.213868406512704, 2.5037024705995936, 2.8100694123647028, 1.4947343686951107, -0.0820607031988877, 0.12618924015104485, 2.471290595695099, 4.879386402383798, 4.7732445420657985, 1.6872247038289134, -2.222862375726132, -4.301561178033899, -3.849527979149326, -2.3863849293927033, -1.7100152188798599, -2.075304991804893, -2.4001276738698007, -1.9273309277937372, -1.198483722505918, -1.2438253442634382, -2.131229842495413, -2.7313529172331816, -2.0007762130420357, -0.2365394196186142, 1.1776116445503773, 1.2101527837885762, 0.1563961623463821, -0.8441121923874464, -1.0270061073714936, -0.5492412560310163, 0.04002738478140777, 0.5088808184719342, 0.9454229671281701, 1.2830653240949548, 1.216384828165916, 0.7063472877130106, 0.2876760096016445, 0.5343239239274173, 1.2223702813187325, 1.358840321913524, 0.30778626601709713, -1.2254316323285486, -1.6780132641838683, -0.27063366289482693, 1.9994963206035363, 3.260407450474397, 2.6743758334769203, 1.2293131348586932, 0.5069543406018312, 0.8639053449040247, 1.1625076298933186, 0.34836862793783047, -1.0708826513368659, -1.5283868962137968, -0.3836181561256914, 1.005767223013863, 0.5961051376437133, -1.9613576064216571, -4.589544865951962, -4.707888160719694, -1.8473442136892173]}