{"session_id": "0834198f", "step": 7, "signal": [2.2078426093373427, -0.3163772023878164, -1.705687630247078, -1.319338339982221, -0.24542451075323557, 0.01878050938193132, -0.8604221326288413, -1.9175181386045046, -2.1386213079476293, -1.53862663784991, -0.9079241061199934, -0.7406180668913745, -0.7352341208746767, -0.3949948295017723, 0.1601268101319422, 0.2613046301713894, -0.44692693924367344, -1.4599746282381139, -1.892029848822177, -1.4123300270578287, -0.5278199537829186, 0.0637980635458226, 0.20377283316342903, 0.22899761213843783, 0.3514162867656529, 0.3734500748489385, 0.11733177647974924, -0.10142675506574106, 0.2468180285816295, 1.106316565504011, 1.5982123978173304, 0.8806024322570958, -0.7569823580549189, -1.9276083631429601, -1.4863826288104822, 0.22509269924543365, 1.67341277064676, 1.7255485532032437, 0.7870933952617963, 0.21178650319383946, 0.6849402162663112, 1.4667159625817157, 1.3579390606435626, 0.20618655158324806, -0.874364118176076, -0.854117710039863, -0.08704759875620927, 0.05178913839177923, -1.1616179955814583, -2.7735404803399955, -3.048558813750231, -1.3554260344267366, 1.0676701379867954, 2.3444680914566, 1.8359230661472992, 0.631982604002685, 0.23189112429384767, 0.9714073802850117, 1.8871345770187473, 1.9673295209422692, 1.2290232343107337, 0.4647023580523163, 0.17049676420052473, 0.046855721359797986, -0.40120555199479924, -1.0520795874286897, -1.2354887083711044, -0.5947208022620641, 0.36665354139033496, 0.7636090498388286, 0.26591522500265985, -0.6192103715358034, -1.1940561016145892, -1.3001250242467446, -1.2748243745793613, -1.3308639529026762, -1.2716712164574044, -0.9207102766490903, -0.5949307045208456, -0.8255983783258501, -1.5587460852799393, -1.9174327172864407, -1.0617744967715186, 0.7166049323166299, 2.0286376567964988, 1.7272871407476678, 0.15203516413892923, -1.1657784298011293, -1.095102954049609, -0.043393450442472226, 0.6338940542136902, 0.24990129851844858, -0.4568847348589298, -0.28842613202975187, 0.9067953521252632, 2.0139433258303496, 2.0030193624749324, 1.22785551804703, 1.0636315625738861, 2.2347428373925924, 3.78810198427798, 3.989177261602435, 2.2078426093373476, -0.3163772023877921, -1.705687630247079, -1.3193383399822414, -0.24542451075325428, 0.01878050938192044, -0.860422132628834, -1.9175181386044926, -2.1386213079476217, -1.5386266378499083, -0.9079241061200065, -0.7406180668913872, -0.7352341208746849, -0.39499482950175396, 0.16012681013195262, 0.2613046301713976, -0.44692693924369475, -1.4599746282381196, -1.892029848822164, -1.4123300270578125, -0.5278199537829351, 0.06379806354581338, 0.2037728331634196, 0.22899761213843356, 0.3514162867656708, 0.3734500748489431, 0.11733177647974546, -0.10142675506575594, 0.2468180285816206, 1.1063165655039973, 1.5982123978173504, 0.8806024322570952, -0.7569823580549087, -1.927608363142958, -1.4863826288104853, 0.22509269924540706, 1.6734127706467554, 1.7255485532032337, 0.7870933952617722, 0.21178650319384335, 0.6849402162663194, 1.466715962581721, 1.3579390606435564, 0.2061865515832375, -0.874364118176083, -0.8541177100398629, -0.08704759875621226, 0.05178913839178634, -1.1616179955814527, -2.773540480340001, -3.0485588137502346, -1.3554260344267848, 1.0676701379867555, 2.34446809145659, 1.8359230661472756, 0.6319826040026876, 0.23189112429387349, 0.971407380285028, 1.887134577018737, 1.9673295209422639, 1.229023234310738, 0.46470235805233273, 0.17049676420054138, 0.04685572135978522, -0.40120555199480945, -1.0520795874287006, -1.2354887083710961, -0.5947208022620747, 0.3666535413903277, 0.7636090498388293, 0.26591522500264597, -0.6192103715358084, -1.1940561016145794, -1.3001250242467188, -1.2748243745793468, -1.3308639529026731, -1.2716712164574044, -0.9207102766490849, -0.5949307045208321, -0.8255983783258558, -1.5587460852799593, -1.9174327172864505, -1.0617744967714957, 0.7166049323166188, 2.028637656796505, 1.727287140747658, 0.15203516413892443, -1.1657784298011296, -1.0951029540496018, -0.04339345044248033, 0.6338940542137053, 0.24990129851843426, -0.45688473485893955, -0.288426132029762, 0.9067953521252453, 2.0139433258303576, 2.0030193624749266, 1.22785551804701, 1.0636315625738917, 2.234742837392596, 3.788101984277989, 3.9891772616024346, 2.2078426093373227, -0.3163772023878144, -1.7056876302470516, -1.3193383399822196, -0.24542451075323832, 0.018780509381933874, -0.8604221326288171, -1.9175181386044913, -2.1386213079476177, -1.5386266378499163, -0.907924106120004, -0.7406180668913979, -0.7352341208746916, -0.3949948295017768, 0.16012681013195262, 0.2613046301713974, -0.44692693924366766, -1.4599746282381176, -1.892029848822187, -1.412330027057843, -0.5278199537829398, 0.0637980635458188, 0.20377283316343497, 0.228997612138438, 0.3514162867656317, 0.3734500748489311, 0.1173317764797508, -0.10142675506573351, 0.24681802858163737, 1.106316565503995, 1.5982123978173362, 0.8806024322571364, -0.7569823580549325, -1.9276083631429688, -1.4863826288104782, 0.22509269924543363, 1.6734127706467645, 1.7255485532032475, 0.7870933952617949, 0.2117865031938485, 0.684940216266317, 1.4667159625817012, 1.3579390606435622, 0.20618655158328691, -0.8743641181760462, -0.8541177100398887, -0.08704759875623758, 0.05178913839177879, -1.1616179955814498, -2.77354048033998, -3.048558813750249, -1.355426034426781]}