{"session_id": "0834198f", "step": 8, "signal": [1.5019611703848155, -1.4050509762031305, -2.781091475330599, -2.0211901323424786, -0.514205564697177, -0.022969226377365676, -0.8606900324384932, -1.8519732460358351, -1.9294860828338505, -1.371538017840078, -1.2581518728474745, -1.9386058496596246, -2.474397513415477, -1.7793902854617984, -0.07075391443315643, 1.1727623119656607, 0.7814458871756186, -0.795095494925802, -1.941963257377044, -1.5695342686210352, -0.1424005211349489, 1.0039958793807937, 1.134125769662137, 0.6812427431867321, 0.45152043125546143, 0.6149792675474567, 0.7049771677877845, 0.44377874542204687, 0.18678459578650627, 0.38795403695969816, 0.8589725521060683, 0.9054106829720302, 0.25777405929280284, -0.4089878086461617, -0.15227489326273635, 1.0868223548387956, 2.2728895610171964, 2.354010391348913, 1.401866129076507, 0.46204645752201595, 0.29872929911107865, 0.5592639025561544, 0.3612307076392913, -0.47096194367586536, -1.1248378982831293, -0.88839526009645, -0.24193587988761228, -0.45886360238418844, -2.0185897209338806, -3.71710749592667, -3.71789430327296, -1.538687297045226, 1.2515911557969814, 2.513224255627756, 1.6429761073448281, 0.03137807349352986, -0.5571525584328736, 0.19206800893578685, 1.104986612161226, 1.1154583945206122, 0.5028091050689136, 0.3478907804024932, 1.0006112078332219, 1.52288836483867, 0.8287905389119814, -0.8645263069199906, -2.0785451133386084, -1.6440005246036977, -0.011155529493774075, 1.2042377896491396, 0.9115175236796125, -0.4259326379120106, -1.474030101169058, -1.4987358145159184, -0.9349014944890464, -0.5903826809020536, -0.6369400053820724, -0.609703491410409, -0.2327149066499026, 0.13686989273124056, 0.04338482917295389, -0.32648796588646994, -0.27985230020768814, 0.4513752925927026, 1.1909781483452917, 0.99525204434273, -0.1956370667047413, -1.3470055963729353, -1.4074632073042985, -0.4490044160846006, 0.48268537214197405, 0.6235514756939242, 0.32658498096505456, 0.47475771850856546, 1.2444171800696497, 1.8240351519559683, 1.5027354134050996, 0.7621061623317821, 0.8769787627144029, 2.328311559522671, 3.9137409454140926, 3.798458601001901, 1.501961170384818, -1.4050509762031027, -2.781091475330593, -2.021190132342501, -0.5142055646971964, -0.02296922637737961, -0.860690032438489, -1.851973246035826, -1.9294860828338365, -1.3715380178400696, -1.2581518728474732, -1.9386058496596306, -2.47439751341549, -1.7793902854617922, -0.07075391443315639, 1.1727623119656638, 0.7814458871756027, -0.7950954949258127, -1.9419632573770365, -1.5695342686210347, -0.1424005211349682, 1.0039958793807866, 1.1341257696621365, 0.6812427431867418, 0.4515204312554829, 0.6149792675474702, 0.7049771677877783, 0.44377874542203183, 0.1867845957864972, 0.38795403695968456, 0.8589725521060659, 0.9054106829720341, 0.25777405929281116, -0.4089878086461518, -0.15227489326273874, 1.086822354838767, 2.2728895610171893, 2.3540103913489, 1.4018661290764793, 0.46204645752202333, 0.29872929911109986, 0.5592639025561784, 0.36123070763929405, -0.4709619436758746, -1.1248378982831444, -0.8883952600964538, -0.24193587988760862, -0.4588636023841821, -2.0185897209338766, -3.717107495926673, -3.7178943032729657, -1.538687297045277, 1.2515911557969426, 2.513224255627752, 1.642976107344793, 0.031378073493525394, -0.5571525584328549, 0.19206800893581139, 1.1049866121612173, 1.1154583945206025, 0.5028091050689061, 0.3478907804024943, 1.0006112078332268, 1.5228883648386637, 0.8287905389119696, -0.8645263069200008, -2.0785451133386044, -1.6440005246037108, -0.011155529493796945, 1.2042377896491299, 0.9115175236795916, -0.4259326379120219, -1.4740301011690553, -1.4987358145158942, -0.9349014944890437, -0.5903826809020609, -0.6369400053820834, -0.6097034914104029, -0.23271490664989122, 0.13686989273124467, 0.04338482917293057, -0.3264879658864827, -0.2798523002076767, 0.45137529259271303, 1.1909781483453104, 0.995252044342727, -0.19563706670475073, -1.347005596372929, -1.4074632073042954, -0.4490044160845936, 0.4826853721419956, 0.6235514756939113, 0.32658498096503064, 0.47475771850854787, 1.2444171800696424, 1.8240351519559876, 1.502735413405091, 0.762106162331773, 0.876978762714401, 2.3283115595226795, 3.913740945414105, 3.798458601001912, 1.50196117038479, -1.4050509762031311, -2.781091475330589, -2.0211901323424852, -0.514205564697193, -0.022969226377361568, -0.8606900324384762, -1.851973246035826, -1.9294860828338403, -1.371538017840079, -1.2581518728474692, -1.9386058496596343, -2.4743975134154916, -1.7793902854618053, -0.07075391443319279, 1.1727623119656587, 0.7814458871756049, -0.7950954949258209, -1.9419632573770487, -1.56953426862104, -0.1424005211349818, 1.0039958793807657, 1.1341257696621232, 0.6812427431867508, 0.45152043125546804, 0.6149792675474653, 0.7049771677877736, 0.4437787454220259, 0.1867845957865098, 0.3879540369596963, 0.8589725521060803, 0.9054106829720585, 0.2577740592927726, -0.4089878086461846, -0.15227489326273091, 1.0868223548388223, 2.272889561017221, 2.354010391348906, 1.4018661290764791, 0.462046457522036, 0.29872929911111806, 0.5592639025561619, 0.3612307076392705, -0.4709619436758555, -1.1248378982831224, -0.8883952600964717, -0.2419358798876323, -0.4588636023841811, -2.0185897209338948, -3.717107495926676, -3.7178943032729626, -1.53868729704524]}