{"session_id": "0834198f", "step": 11, "signal": [2.4426785021106263, -0.9222829626301771, -3.2707752276247275, -3.094935830905989, -1.3066339879114928, 0.0027399791554941766, -0.17855263191732523, -1.0215703701993792, -1.212057472724108, -0.6061490271090434, -0.22446314364239062, -0.7712242345150875, -1.6310211887823565, -1.603322079406372, -0.43983722002468195, 0.7344580952316764, 0.6581394563774438, -0.6372592919387863, -1.8755779127190775, -1.951547303025555, -1.0332795418657064, -0.15825252380133853, 0.031219988747199112, -0.1469768773783397, -0.0808387746743141, 0.2673144744597123, 0.4398885313816377, 0.2918832483430268, 0.3065134240478411, 0.8916097013880596, 1.5984917204035067, 1.4601518298622755, 0.2328441971611288, -0.9938130723546935, -0.7853745933295535, 1.010636206606134, 2.9030145038146746, 3.2272027487690496, 1.8700664576279615, 0.29381560374166665, -0.15855055322574801, 0.3092256659101559, 0.43316857740049597, -0.37656827597096776, -1.2340986680589123, -0.9433706775558167, 0.29473776673324403, 0.8356166173362458, -0.5336492659140306, -2.931714105275972, -4.009655860140086, -2.368817727442051, 0.8608996423175119, 3.0750783208960657, 2.7678919033848954, 0.8532006921689643, -0.5756890565604442, -0.5052269031687413, 0.237325778177644, 0.33923617236681414, -0.3420179003754193, -0.7846761668567178, -0.28358993571149094, 0.5465220664306026, 0.5055779061467431, -0.6545113214549891, -1.8088217965600464, -1.6962320589884292, -0.34882578627256644, 0.9564484035332731, 1.113306429315514, 0.288634180821184, -0.4815092599539111, -0.5564000587087161, -0.25566028426791243, -0.1931519097118379, -0.4085052621011875, -0.4461391138597604, -0.1630988731989157, -0.04464633113312144, -0.5006295288986965, -1.0843253292112085, -0.8305934583451726, 0.5025626915050864, 1.8239204593703258, 1.6975988968723346, -0.030123377107689864, -1.869076723375999, -2.1555134602034425, -0.776871378130181, 0.804313543624791, 1.2449672499580644, 0.7490096104977289, 0.5808435105982648, 1.3309857859335452, 2.1144536034139207, 1.7363177548676758, 0.39878118312916844, -0.25203883526891624, 0.9984394358765853, 3.270670917938126, 4.217641075735439, 2.442678502110617, -0.9222829626301605, -3.270775227624724, -3.0949358309060058, -1.3066339879115145, 0.002739979155481631, -0.17855263191732934, -1.0215703701993715, -1.2120574727240943, -0.606149027109029, -0.22446314364238712, -0.7712242345150891, -1.631021188782366, -1.6033220794063574, -0.43983722002466874, 0.7344580952316796, 0.6581394563774193, -0.6372592919388097, -1.8755779127190733, -1.951547303025539, -1.0332795418657168, -0.15825252380135152, 0.031219988747181016, -0.14697687737834148, -0.0808387746742876, 0.2673144744597332, 0.4398885313816441, 0.2918832483430117, 0.30651342404782206, 0.8916097013880363, 1.5984917204035134, 1.4601518298622809, 0.23284419716113414, -0.9938130723546946, -0.7853745933295563, 1.010636206606108, 2.9030145038146875, 3.2272027487690482, 1.87006645762792, 0.2938156037416537, -0.1585505532257434, 0.30922566591017264, 0.43316857740050413, -0.376568275970975, -1.23409866805892, -0.9433706775558319, 0.29473776673323715, 0.835616617336248, -0.5336492659140329, -2.9317141052759803, -4.00965586014008, -2.3688177274420914, 0.8608996423174758, 3.0750783208960537, 2.7678919033848732, 0.853200692168957, -0.5756890565604269, -0.5052269031687219, 0.23732577817763034, 0.33923617236679726, -0.3420179003754208, -0.7846761668567177, -0.28358993571148555, 0.5465220664305899, 0.5055779061467199, -0.6545113214550141, -1.8088217965600375, -1.696232058988429, -0.34882578627256716, 0.9564484035332609, 1.113306429315493, 0.2886341808211572, -0.4815092599539066, -0.5564000587086873, -0.25566028426789345, -0.19315190971183813, -0.4085052621011938, -0.446139113859765, -0.16309887319889993, -0.04464633113311384, -0.500629528898716, -1.0843253292112334, -0.8305934583451663, 0.5025626915050821, 1.8239204593703477, 1.6975988968723401, -0.030123377107688643, -1.8690767233760046, -2.155513460203448, -0.7768713781301828, 0.8043135436248181, 1.2449672499580626, 0.7490096104977206, 0.580843510598251, 1.3309857859335466, 2.1144536034139376, 1.7363177548676767, 0.39878118312915156, -0.25203883526892445, 0.9984394358765772, 3.270670917938122, 4.217641075735437, 2.442678502110599, -0.9222829626301835, -3.270775227624706, -3.094935830905995, -1.3066339879115105, 0.00273997915548152, -0.17855263191731668, -1.0215703701993752, -1.2120574727240927, -0.6061490271090401, -0.22446314364238037, -0.7712242345151066, -1.63102118878236, -1.603322079406369, -0.43983722002470876, 0.7344580952316528, 0.6581394563774121, -0.6372592919388199, -1.8755779127190748, -1.9515473030255375, -1.0332795418657064, -0.15825252380136495, 0.031219988747179572, -0.14697687737834336, -0.08083877467430978, 0.26731447445973394, 0.4398885313816347, 0.29188324834300994, 0.3065134240478411, 0.8916097013880543, 1.5984917204035383, 1.4601518298623135, 0.23284419716108318, -0.9938130723547521, -0.7853745933295727, 1.0106362066061603, 2.9030145038147155, 3.227202748769058, 1.870066457627937, 0.2938156037416834, -0.158550553225711, 0.30922566591015554, 0.43316857740047593, -0.37656827597095505, -1.234098668058909, -0.9433706775558388, 0.29473776673322016, 0.8356166173362451, -0.5336492659140357, -2.9317141052759794, -4.009655860140092, -2.368817727442065]}