{"session_id": "b6724636", "step": 1, "signal": [1.2391380405163315, 1.1699581625615298, 0.9999792686508666, 0.8060041308022167, 0.6678780150758992, 0.625761018559652, 0.6600783572065251, 0.7046903194699679, 0.6850653235666933, 0.5595611323059594, 0.3409621459239523, 0.08735375858790351, -0.13098572244043244, -0.2689679909251853, -0.3274235498138689, -0.3469658814633082, -0.38066052590171295, -0.4627562229955091, -0.5915589071150555, -0.7347809521382718, -0.8518104678580628, -0.9178582992150286, -0.9352663257252782, -0.9265519120381479, -0.9157140293759755, -0.9112962928346455, -0.9025262638373165, -0.870339506466943, -0.8047209407419025, -0.7154473904608247, -0.6278608878543144, -0.5657424877777211, -0.5327523770323757, -0.5058556032145878, -0.4469982873835724, -0.3273275443264874, -0.14912423435939848, 0.049450332940801436, 0.21201848325204137, 0.2954077914968056, 0.2966426253201332, 0.25843940456610603, 0.24792832171201204, 0.3191788988926136, 0.48057503654270733, 0.6865283007034609, 0.8597674605686835, 0.9328695687253723, 0.8860363196418141, 0.759441686239532, 0.632403189915995, 0.5803709802418324, 0.633523869102772, 0.7601368246878989, 0.8840644583995507, 0.9265233529376307, 0.8488036287698181, 0.6722966724738066, 0.4652976452595918, 0.30479975128685544, 0.2351757071496978, 0.24659905775779095, 0.28412498039902356, 0.28075075771407765, 0.1947490372128719, 0.030345690799239808, -0.16846748533546968, -0.345314904244391, -0.4627562229955098, -0.5194607294550935, -0.5449039498316628, -0.5771409808367537, -0.6386982488353581, -0.7252995110786137, -0.8128507281209119, -0.876157843162863, -0.9058818610298937, -0.9124116028697513, -0.9148454650691653, -0.9236495511721192, -0.9299082869775622, -0.9095380602216998, -0.8403943300212835, -0.720806709668733, -0.5761230744420095, -0.44699828738357433, -0.365134850767666, -0.3313069570094351, -0.31056747344775454, -0.2498633032151848, -0.10940660202238327, 0.11038498515859779, 0.36344450324317346, 0.5793847572989768, 0.7010221283587973, 0.7170487313116558, 0.670363452223632, 0.6358231815960582, 0.6787483330629555, 0.8171783571718219, 1.0095507672603579, 1.175550917886706, 1.2391380405163315, 1.16995816256153, 0.9999792686508674, 0.8060041308022181, 0.6678780150759003, 0.625761018559652, 0.6600783572065252, 0.7046903194699683, 0.6850653235666937, 0.5595611323059594, 0.3409621459239538, 0.08735375858790555, -0.13098572244043213, -0.2689679909251853, -0.3274235498138683, -0.3469658814633086, -0.38066052590171306, -0.46275622299550845, -0.591558907115055, -0.7347809521382709, -0.8518104678580628, -0.9178582992150291, -0.9352663257252782, -0.9265519120381479, -0.9157140293759751, -0.9112962928346449, -0.9025262638373152, -0.8703395064669426, -0.8047209407419031, -0.7154473904608278, -0.6278608878543172, -0.5657424877777207, -0.532752377032375, -0.5058556032145859, -0.4469982873835707, -0.3273275443264871, -0.14912423435939912, 0.049450332940800326, 0.21201848325204298, 0.29540779149680674, 0.2966426253201319, 0.25843940456610515, 0.24792832171201404, 0.31917889889261425, 0.48057503654270745, 0.6865283007034607, 0.8597674605686827, 0.9328695687253726, 0.8860363196418125, 0.7594416862395301, 0.6324031899159941, 0.5803709802418324, 0.6335238691027715, 0.7601368246878979, 0.8840644583995534, 0.9265233529376299, 0.8488036287698157, 0.6722966724738032, 0.4652976452595912, 0.30479975128685344, 0.23517570714969305, 0.24659905775778607, 0.28412498039901996, 0.2807507577140796, 0.19474903721287262, 0.030345690799238878, -0.16846748533547184, -0.34531490424439204, -0.46275622299551217, -0.5194607294550964, -0.5449039498316635, -0.5771409808367531, -0.6386982488353568, -0.7252995110786126, -0.8128507281209121, -0.8761578431628628, -0.9058818610298937, -0.9124116028697534, -0.9148454650691661, -0.9236495511721178, -0.9299082869775597, -0.9095380602216968, -0.840394330021281, -0.7208067096687332, -0.5761230744420108, -0.4469982873835752, -0.36513485076766533, -0.331306957009432, -0.3105674734477496, -0.24986330321517963, -0.1094066020223814, 0.1103849851585963, 0.3634445032431702, 0.5793847572989744, 0.7010221283587984, 0.7170487313116591, 0.6703634522236369, 0.6358231815960614, 0.6787483330629558, 0.8171783571718177, 1.009550767260352, 1.1755509178867034, 1.2391380405163315, 1.1699581625615314, 0.9999792686508712, 0.806004130802219, 0.6678780150759003, 0.6257610185596507, 0.6600783572065215, 0.704690319469967, 0.6850653235666936, 0.5595611323059595, 0.34096214592395635, 0.08735375858790592, -0.1309857224404306, -0.2689679909251876, -0.32742354981387173, -0.3469658814633101, -0.38066052590171484, -0.46275622299550934, -0.5915589071150567, -0.7347809521382721, -0.8518104678580632, -0.917858299215033, -0.9352663257252819, -0.9265519120381502, -0.9157140293759749, -0.9112962928346442, -0.9025262638373168, -0.870339506466943, -0.8047209407419026, -0.7154473904608288, -0.6278608878543157, -0.5657424877777212, -0.5327523770323722, -0.5058556032145857, -0.44699828738357233, -0.3273275443264882, -0.1491242343594017, 0.049450332940799174, 0.21201848325203826, 0.29540779149680524, 0.2966426253201353, 0.2584394045661083, 0.24792832171201484, 0.3191788988926142, 0.4805750365427038, 0.6865283007034588, 0.859767460568682, 0.9328695687253733, 0.886036319641817, 0.7594416862395339, 0.6324031899159976, 0.5803709802418324]}