{"session_id": "b6724636", "step": 15, "signal": [1.7062218372139029, -2.5233325442137873, -5.312104389273964, -4.909789219617304, -2.5003523332833293, -0.6676311121280619, -0.6652771469711106, -1.4730707669207754, -1.4212572973033712, -0.26817267058168615, 0.6781972280187905, 0.339353317657427, -0.7261010817257638, -0.9812508933434173, 0.20602745014594948, 1.7261470579568639, 1.9137981041378334, 0.3606895622675873, -1.6878933407461834, -2.6815545116466253, -2.24443027389627, -1.2263049002095427, -0.5437984041080195, -0.30178186508755434, -0.062932540693592, 0.37400452105328186, 0.7809348166509579, 0.9860539506872198, 1.165994539567681, 1.4477889977399712, 1.4498936054055467, 0.621908878448102, -0.8572194602738737, -1.841569058364747, -1.2556464621229746, 0.6057604233302538, 2.1202443372107957, 1.9212037993970195, 0.3486205534247504, -0.9266906690616936, -0.7546388083250748, 0.2809030224091489, 0.7082551252887327, 0.05243738979546453, -0.557396630816778, 0.12534965772393492, 1.6594152766215, 2.115888620611713, 0.30144906725369885, -2.5060845655709225, -3.5056865336666885, -1.2228681093766285, 2.794280978522567, 5.366540227979771, 4.746887270894214, 2.122582024620848, 0.08071905632769338, -0.12187966746644502, 0.49760168876945315, 0.2722630723246097, -1.0369291199940416, -2.119622571393867, -1.895251674934396, -0.9206844563522041, -0.7314582354190621, -1.9586972450404398, -3.4922088314659887, -3.6664801599994403, -2.0734230271005223, 0.04107176040443179, 1.1256089522765524, 0.8029472841343538, -0.0788641071862799, -0.6052715891856194, -0.673770384303018, -0.7243135871163617, -0.9610106784595368, -1.1588025886683657, -1.1490552470691948, -1.111658426815436, -1.1769391559356392, -0.9666358420617852, 0.066431111348631, 1.7402071439334494, 2.9058192426709453, 2.485026199118641, 0.7701127227026965, -0.6187346165465397, -0.3168188609119907, 1.3343187626335409, 2.6626727181556875, 2.517347872153195, 1.4818121835521298, 1.0277452570962828, 1.6305321727976736, 2.161823270573836, 1.3762125868007833, -0.28347958034783494, -0.886437255193004, 0.7628807378440494, 3.3891586554204713, 4.194118405222091, 1.70622183721389, -2.523332544213775, -5.312104389273962, -4.909789219617315, -2.500352333283355, -0.6676311121280719, -0.6652771469711241, -1.4730707669207648, -1.4212572973033675, -0.26817267058168015, 0.6781972280187871, 0.3393533176574273, -0.726101081725775, -0.9812508933434162, 0.20602745014595564, 1.7261470579568712, 1.9137981041378334, 0.3606895622675846, -1.6878933407461836, -2.6815545116466324, -2.2444302738963025, -1.2263049002095494, -0.5437984041080224, -0.3017818650875459, -0.06293254069356913, 0.3740045210532924, 0.7809348166509673, 0.9860539506872046, 1.1659945395676632, 1.4477889977399432, 1.4498936054055473, 0.6219088784481038, -0.8572194602738485, -1.8415690583647226, -1.255646462122967, 0.6057604233302194, 2.120244337210788, 1.9212037993970064, 0.34862055342470716, -0.9266906690617012, -0.7546388083250648, 0.2809030224091672, 0.7082551252887498, 0.052437389795466416, -0.5573966308167847, 0.12534965772390783, 1.6594152766214814, 2.115888620611705, 0.3014490672536963, -2.5060845655709247, -3.505686533666685, -1.2228681093766935, 2.794280978522516, 5.366540227979768, 4.746887270894184, 2.122582024620841, 0.08071905632769483, -0.1218796674664438, 0.4976016887694332, 0.27226307232461033, -1.0369291199940252, -2.1196225713938546, -1.8952516749343973, -0.9206844563522151, -0.7314582354190704, -1.9586972450404443, -3.4922088314659794, -3.6664801599994568, -2.0734230271005574, 0.041071760404404904, 1.1256089522765582, 0.8029472841343512, -0.07886410718627113, -0.6052715891856082, -0.6737703843030189, -0.7243135871163731, -0.9610106784595401, -1.1588025886683755, -1.1490552470691737, -1.1116584268154353, -1.1769391559356488, -0.966635842061788, 0.06643111134864765, 1.7402071439334326, 2.9058192426709626, 2.4850261991186393, 0.7701127227027056, -0.6187346165465304, -0.3168188609120027, 1.3343187626335367, 2.662672718155708, 2.5173478721532074, 1.4818121835521398, 1.0277452570962704, 1.6305321727976705, 2.161823270573843, 1.3762125868007948, -0.28347958034783505, -0.8864372551930091, 0.7628807378440196, 3.389158655420444, 4.1941184052220954, 1.7062218372138835, -2.523332544213794, -5.312104389273946, -4.909789219617325, -2.5003523332833577, -0.6676311121280694, -0.6652771469710863, -1.4730707669207745, -1.4212572973033795, -0.2681726705817023, 0.6781972280188062, 0.3393533176574098, -0.7261010817257691, -0.9812508933434265, 0.20602745014589952, 1.726147057956829, 1.9137981041378342, 0.3606895622675681, -1.6878933407461723, -2.681554511646633, -2.2444302738962816, -1.2263049002095685, -0.5437984041080215, -0.3017818650875509, -0.06293254069358656, 0.37400452105330406, 0.7809348166509561, 0.9860539506872179, 1.1659945395676956, 1.4477889977399552, 1.449893605405578, 0.6219088784481445, -0.8572194602739035, -1.841569058364779, -1.2556464621229906, 0.6057604233302749, 2.1202443372108193, 1.9212037993970246, 0.34862055342471604, -0.9266906690616828, -0.754638808325038, 0.2809030224091499, 0.708255125288695, 0.052437389795482736, -0.5573966308167764, 0.12534965772389017, 1.6594152766214565, 2.1158886206117167, 0.30144906725369114, -2.5060845655709088, -3.505686533666709, -1.222868109376662]}