{"session_id": "0834198f", "step": 4, "signal": [-0.19615705967688177, -0.7407001993821547, -1.0224899945807668, -1.0581693168404125, -0.8638245832682361, -0.4109184633437297, 0.18778516493545974, 0.5824862269073722, 0.4365578892176058, -0.18644497667493606, -0.7727044233206171, -0.7955573941385014, -0.22342396257247388, 0.4467184645367703, 0.6760169416793409, 0.37211317341048283, -0.11568515100516125, -0.41707621873703565, -0.46125846557617284, -0.3767310031784682, -0.20135441267897342, 0.15763435405804144, 0.656714215230745, 0.9509596382772895, 0.662363928874401, -0.14861272492445649, -0.8852163602817561, -0.9141283918995287, -0.1951063575754078, 0.6409444412888259, 0.8862249092697124, 0.416565968531118, -0.25593493012629454, -0.5440051614493808, -0.3241347744269415, 0.0856379941104076, 0.3718064950809564, 0.5155034047029201, 0.6274405746691555, 0.6368770986802779, 0.31238631801684813, -0.3741031079860926, -1.0259649119941656, -1.1110324666675593, -0.511365304888383, 0.2845901524416977, 0.6119350452686925, 0.2571371114291901, -0.36802664421806264, -0.6620967411876268, -0.3900845514555276, 0.19836971297006714, 0.7118087193095484, 0.9629323465299193, 0.9688483340460565, 0.7460942807807337, 0.2665635125411316, -0.3565764901463261, -0.7731552220927174, -0.6462142067676857, -0.0390204871776996, 0.534847639770589, 0.5489149572718495, -0.028265279681362027, -0.6996391598231082, -0.9263350700708038, -0.616034167240911, -0.11814111463712502, 0.19688924912065747, 0.25804860199884827, 0.19357870003130484, 0.0410360721825003, -0.2926884692814121, -0.7644568224608217, -1.0297574694152305, -0.7110224891222354, 0.13083104974027995, 0.8985811222313869, 0.9584369948151014, 0.2696871282024246, -0.537222071409616, -0.7549332655369221, -0.2596952984324069, 0.4360066271373989, 0.7445481820011607, 0.5421090907501322, 0.14646334953951767, -0.12909654388294603, -0.2658640814120854, -0.3746561569582726, -0.3847795406475988, -0.0647971616680342, 0.613430663419275, 1.2534029047284176, 1.3231331685705598, 0.7049134855228327, -0.11252848620207069, -0.46396817289405917, -0.1355080598756356, 0.461474102510814, 0.7259460380069487, 0.4233677965460323, -0.19615705967688685, -0.7407001993821501, -1.0224899945807655, -1.058169316840413, -0.8638245832682423, -0.41091846334373416, 0.18778516493545339, 0.5824862269073688, 0.43655788921760125, -0.18644497667494037, -0.7727044233206137, -0.7955573941385033, -0.22342396257248237, 0.4467184645367751, 0.6760169416793409, 0.37211317341048605, -0.1156851510051624, -0.41707621873703243, -0.4612584655761724, -0.37673100317847147, -0.20135441267898424, 0.15763435405803936, 0.6567142152307415, 0.9509596382772872, 0.6623639288744039, -0.14861272492445635, -0.8852163602817549, -0.91412839189953, -0.195106357575411, 0.6409444412888128, 0.8862249092697158, 0.41656596853111244, -0.2559349301262892, -0.5440051614493782, -0.32413477442694316, 0.0856379941104019, 0.37180649508094993, 0.5155034047029162, 0.6274405746691594, 0.6368770986802788, 0.3123863180168421, -0.37410310798610363, -1.025964911994167, -1.1110324666675644, -0.5113653048883918, 0.28459015244169406, 0.6119350452686917, 0.25713711142918505, -0.3680266442180646, -0.6620967411876293, -0.3900845514555279, 0.19836971297005468, 0.7118087193095424, 0.9629323465299191, 0.9688483340460567, 0.7460942807807383, 0.2665635125411318, -0.35657649014633175, -0.7731552220927248, -0.6462142067677054, -0.039020487177721774, 0.5348476397705788, 0.5489149572718582, -0.028265279681363373, -0.6996391598231063, -0.9263350700708018, -0.6160341672409091, -0.11814111463714441, 0.19688924912064218, 0.2580486019988464, 0.19357870003131225, 0.04103607218251229, -0.29268846928140857, -0.7644568224608231, -1.0297574694152352, -0.7110224891222462, 0.13083104974027127, 0.8985811222313803, 0.958436994815118, 0.26968712820243046, -0.537222071409611, -0.7549332655369223, -0.25969529843241246, 0.4360066271373801, 0.7445481820011529, 0.5421090907501371, 0.1464633495395278, -0.1290965438829313, -0.26586408141207485, -0.3746561569582706, -0.38477954064760744, -0.06479716166805033, 0.6134306634192604, 1.2534029047284154, 1.3231331685705698, 0.7049134855228437, -0.11252848620206003, -0.46396817289406134, -0.13550805987564826, 0.4614741025107983, 0.7259460380069434, 0.4233677965460388, -0.19615705967688016, -0.7407001993821332, -1.0224899945807553, -1.0581693168404178, -0.8638245832682521, -0.4109184633437523, 0.1877851649354446, 0.5824862269073757, 0.43655788921762473, -0.186444976674937, -0.7727044233206084, -0.7955573941385088, -0.22342396257250152, 0.44671846453674713, 0.6760169416793415, 0.37211317341050226, -0.11568515100515604, -0.4170762187370304, -0.46125846557617145, -0.3767310031784735, -0.2013544126789976, 0.1576343540580153, 0.6567142152307307, 0.9509596382772978, 0.6623639288744324, -0.1486127249244549, -0.8852163602817544, -0.9141283918995308, -0.19510635757541406, 0.6409444412888025, 0.8862249092697108, 0.4165659685311399, -0.25593493012628465, -0.5440051614493636, -0.3241347744269325, 0.0856379941103963, 0.37180649508093755, 0.5155034047029078, 0.6274405746691586, 0.6368770986803047, 0.3123863180168793, -0.37410310798608776, -1.0259649119941707, -1.1110324666675726, -0.5113653048884008, 0.28459015244168817, 0.6119350452686968, 0.2571371114292065, -0.36802664421805437, -0.6620967411876132, -0.3900845514555291, 0.19836971297005168]}