{"session_id": "0834198f", "step": 1, "signal": [1.588343444682716, 1.081465554853717, 0.5890123937424202, 0.32148382281088717, 0.3432015507080938, 0.5407206384437383, 0.698800717167305, 0.6371419073233561, 0.32427473481208435, -0.10096196299921248, -0.41356670815731966, -0.44095867200340055, -0.17152801915837224, 0.2332418058134344, 0.5310077928558536, 0.5397457348241403, 0.24273613197634886, -0.20582827765864137, -0.5775073830233325, -0.7094439572808642, -0.602207697108231, -0.41622359210826365, -0.369192466491774, -0.5972641827457709, -1.0648964750064205, -1.5788360999949729, -1.8984110379935575, -1.8757576381899317, -1.541319613871092, -1.0830689832680473, -0.7323021319419583, -0.6254346192282401, -0.725595795484204, -0.8512906087709964, -0.7941717223413578, -0.45370366511853694, 0.09381154090256622, 0.6344696291322218, 0.9410091286428708, 0.9070174387035338, 0.6098191009412384, 0.2639078170380274, 0.0930958226670291, 0.19875758247974257, 0.5037552693351925, 0.8055230589866212, 0.9053895795293723, 0.7348903337038355, 0.40171873696724664, 0.12692636161750748, 0.11124253201116596, 0.4116565553172865, 0.9033754644901526, 1.3505814783275965, 1.5434606359978238, 1.4188228378634733, 1.091673186268707, 0.7792171172740144, 0.6640946930851285, 0.7804552111089276, 0.99243867455229, 1.0782763071166395, 0.8688248384163975, 0.3560647380849777, -0.29483192292577354, -0.837791102613221, -1.0870717149683051, -1.0223078785617081, -0.794171722341359, -0.62776188973518, -0.6828239346449892, -0.9559534519431128, -1.2842106793509622, -1.4477380771472736, -1.3086198181085442, -0.9010497243613831, -0.41737055747911483, -0.09779561948053211, -0.09018856117787383, -0.3645643869832217, -0.7338615603709933, -0.9681321395172675, -0.9327265298231047, -0.6666720964416496, -0.35397866398751726, -0.2058282776586432, -0.3258680814668201, -0.6411375210467314, -0.9412529388895935, -1.0025992457552129, -0.7224807197769403, -0.18195293452824685, 0.4008017819212892, 0.7983808888860442, 0.9059723634412735, 0.7974813310732964, 0.6724947754546977, 0.7270042451830692, 1.0271340548677281, 1.4632257218414593, 1.8126675104525078, 1.8735984873327063, 1.5883434446827158, 1.0814655548537238, 0.5890123937424234, 0.3214838228108844, 0.3432015507080889, 0.540720638443729, 0.6988007171673011, 0.6371419073233591, 0.3242747348120859, -0.10096196299920948, -0.4135667081573135, -0.4409586720034011, -0.17152801915838123, 0.2332418058134337, 0.5310077928558523, 0.5397457348241448, 0.24273613197635194, -0.20582827765863662, -0.5775073830233302, -0.709443957280866, -0.6022076971082384, -0.4162235921082705, -0.36919246649177495, -0.5972641827457683, -1.064896475006416, -1.5788360999949693, -1.898411037993557, -1.8757576381899348, -1.541319613871098, -1.0830689832680607, -0.7323021319419631, -0.6254346192282372, -0.7255957954841978, -0.8512906087709917, -0.794171722341357, -0.4537036651185435, 0.09381154090255651, 0.6344696291322145, 0.941009128642871, 0.9070174387035356, 0.6098191009412393, 0.2639078170380271, 0.0930958226670276, 0.19875758247973163, 0.5037552693351809, 0.8055230589866151, 0.905389579529372, 0.7348903337038386, 0.40171873696725174, 0.12692636161751097, 0.1112425320111659, 0.41165655531727513, 0.9033754644901402, 1.3505814783275907, 1.5434606359978271, 1.4188228378634835, 1.091673186268712, 0.7792171172740137, 0.6640946930851246, 0.780455211108914, 0.9924386745522751, 1.0782763071166328, 0.8688248384164015, 0.35606473808497585, -0.29483192292577187, -0.8377911026132224, -1.0870717149683058, -1.0223078785617215, -0.7941717223413712, -0.6277618897351835, -0.6828239346449854, -0.9559534519431048, -1.2842106793509596, -1.4477380771472703, -1.308619818108542, -0.9010497243613849, -0.4173705574791194, -0.09779561948053556, -0.09018856117786306, -0.3645643869832176, -0.7338615603709956, -0.96813213951727, -0.9327265298231062, -0.6666720964416576, -0.3539786639875209, -0.20582827765864442, -0.32586808146681795, -0.6411375210467275, -0.9412529388895887, -1.002599245755211, -0.7224807197769367, -0.18195293452825054, 0.4008017819212846, 0.7983808888860447, 0.9059723634412746, 0.7974813310733068, 0.6724947754547028, 0.7270042451830712, 1.027134054867726, 1.4632257218414528, 1.8126675104525038, 1.873598487332707, 1.5883434446827118, 1.081465554853726, 0.5890123937424305, 0.32148382281088755, 0.3432015507080854, 0.5407206384437279, 0.6988007171673001, 0.6371419073233624, 0.3242747348120978, -0.1009619629992112, -0.41356670815731117, -0.44095867200340266, -0.17152801915838922, 0.2332418058134174, 0.5310077928558459, 0.539745734824146, 0.24273613197634897, -0.20582827765864004, -0.5775073830233313, -0.7094439572808642, -0.6022076971082434, -0.41622359210827714, -0.3691924664917777, -0.5972641827457551, -1.0648964750063974, -1.5788360999949704, -1.898411037993557, -1.8757576381899337, -1.5413196138710958, -1.083068983268065, -0.7323021319419651, -0.6254346192282332, -0.7255957954842014, -0.8512906087709975, -0.7941717223413614, -0.4537036651185458, 0.09381154090255764, 0.6344696291322153, 0.9410091286428669, 0.9070174387035483, 0.6098191009412588, 0.2639078170380308, 0.0930958226670277, 0.19875758247973319, 0.5037552693351862, 0.8055230589866194, 0.905389579529374, 0.7348903337038428, 0.4017187369672565, 0.12692636161751286, 0.11124253201116291, 0.4116565553172734]}