{"session_id": "b6724636", "step": 2, "signal": [1.4938904809147846, 1.0739024177909844, 0.6704516951926422, 0.5071401707051248, 0.558448055854837, 0.6260468598529914, 0.5662186618842182, 0.4298104061148333, 0.37923879198703025, 0.48258448769868306, 0.6109849855838484, 0.5551916645475645, 0.2452114103900416, -0.1573393606297635, -0.40104773121017034, -0.3885555273682215, -0.2785443176351404, -0.33538000279628244, -0.6660503786882311, -1.1015605270934619, -1.3439805252980905, -1.2415085259673388, -0.9270887259131855, -0.6877950379194179, -0.6938959804178357, -0.8510827034849503, -0.9151889196580276, -0.7497512536210064, -0.4689002803072998, -0.3256243116839236, -0.45920909816362443, -0.7531945034402607, -0.9422399759412108, -0.8586051049310558, -0.5743745075827993, -0.30576327112911794, -0.18637623585636381, -0.1438557644021344, -0.00220178427920667, 0.3032995500155594, 0.6292591947611695, 0.7551373668793806, 0.6139684426413712, 0.3834928876791787, 0.33114044972874834, 0.554511055178402, 0.8733934065151099, 0.9898927281206389, 0.7722084853755757, 0.39154373323561154, 0.17753747993295535, 0.32561853984337896, 0.7295796138733168, 1.0896643981461225, 1.1829284184966433, 1.0359533121586926, 0.8485177874764788, 0.7661563677961121, 0.7401775586147259, 0.6106262828665184, 0.312152351756976, -0.023423781902104576, -0.1837129255606372, -0.09544637511639681, 0.08312040691744767, 0.10396987219554066, -0.1268778394305551, -0.4474311125109621, -0.5901324431947367, -0.44496925788192054, -0.1781243748764732, -0.08497092339672582, -0.3150480220830456, -0.7334771108907032, -1.0516076022396403, -1.097975892121003, -0.9660954503795902, -0.8997489470490395, -1.0354337179151023, -1.2594702116067213, -1.319731365754464, -1.0781898499123919, -0.6529423143587485, -0.3113191107598986, -0.22337357272554223, -0.3196220671843446, -0.38669912396503503, -0.2940549555124692, -0.11726137610481972, -0.03564303568393479, -0.11729836054113188, -0.22223158428243633, -0.13325345907010108, 0.21334463636961615, 0.6367081395722308, 0.8664833181256137, 0.8023806977486895, 0.6221972356496319, 0.6217251736676875, 0.9310061914380605, 1.3774487202642773, 1.6304166278697467, 1.4938904809147855, 1.0739024177909884, 0.6704516951926439, 0.5071401707051253, 0.5584480558548349, 0.6260468598529912, 0.5662186618842189, 0.4298104061148346, 0.3792387919870287, 0.4825844876986813, 0.6109849855838456, 0.5551916645475654, 0.2452114103900448, -0.1573393606297607, -0.401047731210169, -0.38855552736822263, -0.27854431763514054, -0.33538000279628055, -0.6660503786882276, -1.1015605270934572, -1.3439805252980912, -1.2415085259673377, -0.9270887259131895, -0.6877950379194205, -0.6938959804178364, -0.8510827034849526, -0.9151889196580265, -0.749751253621008, -0.4689002803072999, -0.3256243116839239, -0.45920909816361943, -0.7531945034402627, -0.9422399759412098, -0.858605104931053, -0.5743745075827971, -0.30576327112911855, -0.18637623585636443, -0.14385576440213588, -0.0022017842792063647, 0.30329955001556075, 0.6292591947611699, 0.7551373668793796, 0.6139684426413746, 0.38349288767918116, 0.33114044972875056, 0.5545110551784016, 0.8733934065151087, 0.9898927281206401, 0.7722084853755735, 0.391543733235607, 0.17753747993295377, 0.3256185398433732, 0.7295796138733124, 1.0896643981461203, 1.1829284184966433, 1.0359533121586897, 0.8485177874764765, 0.7661563677961095, 0.7401775586147263, 0.6106262828665194, 0.3121523517569749, -0.023423781902103827, -0.18371292556063926, -0.09544637511639406, 0.08312040691745164, 0.10396987219554002, -0.12687783943055914, -0.44743111251096596, -0.5901324431947425, -0.4449692578819271, -0.1781243748764706, -0.08497092339672499, -0.3150480220830458, -0.7334771108907039, -1.0516076022396401, -1.0979758921210017, -0.966095450379588, -0.8997489470490416, -1.0354337179150983, -1.2594702116067231, -1.319731365754463, -1.0781898499123888, -0.6529423143587412, -0.31131911075990065, -0.2233735727255414, -0.31962206718434616, -0.3866991239650349, -0.29405495551246386, -0.11726137610481063, -0.03564303568393101, -0.1172983605411303, -0.22223158428243825, -0.13325345907010375, 0.2133446363696107, 0.636708139572228, 0.8664833181256167, 0.8023806977486951, 0.622197235649631, 0.6217251736676876, 0.931006191438053, 1.3774487202642725, 1.6304166278697443, 1.4938904809147853, 1.0739024177909848, 0.6704516951926498, 0.507140170705127, 0.5584480558548381, 0.6260468598529898, 0.5662186618842175, 0.4298104061148309, 0.3792387919870266, 0.4825844876986799, 0.6109849855838516, 0.5551916645475663, 0.24521141039004568, -0.15733936062976348, -0.4010477312101695, -0.3885555273682245, -0.27854431763513643, -0.3353800027962811, -0.6660503786882307, -1.101560527093462, -1.3439805252980916, -1.2415085259673475, -0.9270887259131944, -0.6877950379194234, -0.6938959804178344, -0.8510827034849516, -0.9151889196580291, -0.7497512536210079, -0.4689002803072995, -0.3256243116839246, -0.45920909816361993, -0.7531945034402538, -0.9422399759412067, -0.8586051049310514, -0.574374507582798, -0.3057632711291191, -0.18637623585636795, -0.1438557644021381, -0.002201784279214941, 0.30329955001555053, 0.6292591947611664, 0.7551373668793828, 0.6139684426413622, 0.3834928876791758, 0.33114044972874723, 0.554511055178399, 0.8733934065151169, 0.9898927281206421, 0.7722084853755717, 0.3915437332356105, 0.17753747993295585, 0.32561853984338107]}