{"session_id": "0834198f", "step": 18, "signal": [0.7155020499750975, -2.448945689407495, -3.7748911905957483, -3.017627008236473, -1.688862954720847, -1.199623433214165, -1.514494445156583, -1.6584746008077917, -1.1641055706423828, -0.6087894818619418, -0.7145268057445053, -1.2912996098948382, -1.4022351131189779, -0.5273149008059389, 0.7400694866782178, 1.3186442990168192, 0.8185667902809683, -0.10855142219110858, -0.5610076890091809, -0.2865952141144826, 0.31757636852980164, 0.8805096585435939, 1.3977157142565586, 1.8537189691801026, 1.8483555722607174, 0.9759189106389975, -0.4247481407205905, -1.2702114694832702, -0.8041979284485674, 0.3989988844991402, 0.8432186805482231, -0.2782190022728084, -2.0316462831037527, -2.584135162269466, -1.1517666947052898, 1.1020395855393859, 2.283920792893975, 1.765880150811687, 0.7004378002173722, 0.5035316602922231, 1.1309612971173988, 1.2113241677001374, -0.1278195295790145, -1.9725428231434268, -2.5226725342918384, -1.2199567337423378, 0.41398902366149437, 0.3504710204726492, -1.637929712933848, -3.551510795670686, -3.1833066746668295, -0.41681933716162767, 2.6675764858567437, 3.9101558506665763, 3.067475057563418, 1.6525387476884055, 1.0776776077741008, 1.3087755757178303, 1.3721011757327797, 0.8014187191422371, 0.17528716690279791, 0.21678048053321614, 0.7368546013469315, 0.7994962423939399, -0.11458092521423119, -1.4113917815836277, -2.0092165011249863, -1.517920528938456, -0.5889823632195963, -0.12413224199470252, -0.37576483952175654, -0.9471158415579359, -1.4676853742697111, -1.9336266873642283, -2.3302413355945726, -2.258265738647303, -1.313003056714698, 0.16559986700561935, 1.0929274917973695, 0.7114656911801022, -0.4057736551592065, -0.7639332859825239, 0.44236267630172293, 2.278159985816499, 2.909281997215126, 1.5506177673025465, -0.6355304509847616, -1.756825399328584, -1.186188727110508, -0.07693787745881589, 0.15432513825552335, -0.44872006126414987, -0.5150405762385157, 0.8275905271548438, 2.665193411817517, 3.1977028371890337, 1.867133979558701, 0.1955246177236431, 0.21213941098182423, 2.145108333810321, 3.995569295066089, 3.5575135783786553, 0.715502049975087, -2.4489456894074846, -3.7748911905957563, -3.0176270082364893, -1.688862954720857, -1.1996234332141722, -1.5144944451565856, -1.6584746008077955, -1.1641055706423806, -0.6087894818619463, -0.7145268057445083, -1.2912996098948382, -1.4022351131189872, -0.5273149008059146, 0.7400694866782196, 1.3186442990168121, 0.8185667902809376, -0.10855142219111541, -0.5610076890091691, -0.28659521411447497, 0.3175763685297859, 0.8805096585435869, 1.397715714256546, 1.8537189691801, 1.8483555722607394, 0.975918910639001, -0.42474814072059736, -1.2702114694832842, -0.8041979284485704, 0.3989988844991267, 0.8432186805482456, -0.2782190022728128, -2.0316462831037487, -2.584135162269463, -1.1517666947052945, 1.102039585539368, 2.283920792893987, 1.7658801508116893, 0.7004378002173514, 0.5035316602922173, 1.1309612971173986, 1.2113241677001354, -0.1278195295790009, -1.9725428231434177, -2.5226725342918503, -1.2199567337423591, 0.4139890236614704, 0.3504710204726334, -1.6379297129338501, -3.5515107956706964, -3.1833066746668375, -0.4168193371616875, 2.667576485856705, 3.9101558506665812, 3.0674750575633998, 1.6525387476884201, 1.0776776077741257, 1.308775575717833, 1.3721011757327535, 0.8014187191422175, 0.17528716690279275, 0.21678048053321516, 0.7368546013469417, 0.7994962423939203, -0.1145809252142429, -1.4113917815836303, -2.0092165011249756, -1.5179205289384787, -0.5889823632196244, -0.12413224199471706, -0.3757648395217591, -0.9471158415579066, -1.4676853742696714, -1.9336266873642058, -2.330241335594591, -2.2582657386473373, -1.3130030567147217, 0.16559986700562046, 1.0929274917973895, 0.7114656911801055, -0.4057736551592243, -0.7639332859825448, 0.4423626763017216, 2.2781599858164747, 2.9092819972151407, 1.5506177673025618, -0.6355304509847464, -1.7568253993285516, -1.1861887271104794, -0.07693787745880637, 0.15432513825551364, -0.44872006126418323, -0.5150405762385555, 0.8275905271548232, 2.6651934118175094, 3.1977028371890497, 1.8671339795587067, 0.1955246177236296, 0.2121394109818141, 2.1451083338103003, 3.9955692950660806, 3.5575135783786704, 0.7155020499750889, -2.4489456894074686, -3.774891190595724, -3.017627008236495, -1.6888629547208818, -1.199623433214191, -1.5144944451565854, -1.6584746008077829, -1.1641055706423682, -0.6087894818619481, -0.7145268057445049, -1.2912996098948542, -1.402235113118992, -0.5273149008059497, 0.7400694866782156, 1.318644299016855, 0.8185667902809953, -0.10855142219110014, -0.5610076890091908, -0.2865952141145157, 0.31757636852976184, 0.8805096585435634, 1.3977157142565375, 1.853718969180102, 1.848355572260737, 0.9759189106390054, -0.42474814072058253, -1.2702114694832733, -0.804197928448579, 0.39899888449910126, 0.8432186805482349, -0.27821900227273955, -2.0316462831037554, -2.5841351622694626, -1.151766694705296, 1.1020395855393694, 2.28392079289397, 1.7658801508116828, 0.7004378002173615, 0.5035316602922275, 1.1309612971174285, 1.2113241677001412, -0.12781952957901133, -1.9725428231433908, -2.522672534291852, -1.2199567337424184, 0.41398902366144824, 0.3504710204726852, -1.6379297129338202, -3.5515107956706524, -3.183306674666856, -0.4168193371616978]}