{"session_id": "b6724636", "step": 13, "signal": [1.2022078020979927, -2.9643756053048618, -5.538893901626732, -4.88567103134021, -2.308170544753045, -0.44416281913697486, -0.5163321769134839, -1.425669405084138, -1.4347430048753222, -0.2842099765037503, 0.6852507355638138, 0.3402751939440683, -0.8022901418255725, -1.2080729297186181, -0.19939758994093915, 1.194818097319211, 1.3898359712901394, 0.012064545236180557, -1.7351062326942852, -2.410083861295616, -1.7597567222916637, -0.7032263594731732, -0.13515950408133182, -0.06592697159956473, 0.04523616831974531, 0.4467472849277321, 0.8784820841422415, 1.0903801018483459, 1.1982325497881217, 1.3349111022023772, 1.1928506874925993, 0.3174942489279855, -1.0566556664344549, -1.805584952202342, -0.9429976713668526, 1.1280923233276283, 2.7125903549355255, 2.436427980016453, 0.6906221474200892, -0.7770960482358588, -0.7519248098938233, 0.20820693081610075, 0.6124719376850296, -0.062418255975892456, -0.7314830958665011, -0.15276732036561524, 1.281301078320093, 1.7194291801656203, 0.019507029597553932, -2.5650481193769172, -3.3352155892045516, -0.9401840303320467, 3.005579147721473, 5.358652610991565, 4.486717181891448, 1.6965518701771436, -0.3708491649092095, -0.48971836570234295, 0.24383100461328797, 0.09503221200083573, -1.193064558780363, -2.2776950371533884, -2.0237494294753553, -0.9466942742759082, -0.5799088460215277, -1.600477564285896, -2.9793023573863615, -3.131878374818089, -1.685257505127696, 0.15612661615216486, 0.9492533095664791, 0.4392199374510603, -0.4569986669017808, -0.8471659350964141, -0.7236078280504624, -0.630011785686821, -0.8178991177400043, -1.0303838489456139, -1.020729122728533, -0.9080846645902786, -0.8286646571056514, -0.4781798625654539, 0.594767274619004, 2.15267893381256, 3.0687553679026838, 2.354166859492447, 0.40968375079785546, -1.0715185125712468, -0.7169373457270862, 1.0812215535307703, 2.5744334714597916, 2.5475101521596715, 1.558407087021811, 1.0983906880017125, 1.6915945560633772, 2.254276418336282, 1.5460936706990696, -0.038563107315328304, -0.6461182293526562, 0.8681066010822578, 3.2535091120659683, 3.814087577032179, 1.2022078020979816, -2.9643756053048436, -5.538893901626726, -4.885671031340229, -2.3081705447530774, -0.4441628191369912, -0.5163321769134953, -1.4256694050841245, -1.4347430048753156, -0.28420997650374485, 0.68525073556381, 0.3402751939440664, -0.8022901418255749, -1.2080729297186092, -0.19939758994093226, 1.1948180973192122, 1.3898359712901271, 0.012064545236164403, -1.7351062326942788, -2.410083861295614, -1.7597567222916854, -0.7032263594731563, -0.1351595040813226, -0.06592697159955396, 0.045236168319748304, 0.4467472849277232, 0.8784820841422436, 1.0903801018483479, 1.1982325497881277, 1.3349111022023639, 1.1928506874926006, 0.31749424892796585, -1.056655666434445, -1.8055849522023122, -0.9429976713668361, 1.1280923233275948, 2.7125903549355135, 2.436427980016437, 0.6906221474200502, -0.7770960482358436, -0.7519248098937903, 0.20820693081612318, 0.612471937685021, -0.06241825597592021, -0.7314830958665198, -0.1527673203656118, 1.2813010783201022, 1.719429180165626, 0.019507029597534656, -2.5650481193769483, -3.3352155892045614, -0.9401840303321038, 3.0055791477214315, 5.358652610991552, 4.486717181891393, 1.6965518701771187, -0.37084916490920017, -0.4897183657023166, 0.24383100461328794, 0.09503221200083045, -1.1930645587803717, -2.2776950371533946, -2.0237494294753504, -0.9466942742758888, -0.5799088460215033, -1.6004775642858982, -2.979302357386385, -3.131878374818147, -1.6852575051277385, 0.15612661615216214, 0.9492533095665143, 0.43921993745107174, -0.45699866690178226, -0.8471659350964164, -0.7236078280504588, -0.6300117856868068, -0.8178991177399859, -1.030383848945612, -1.0207291227285316, -0.9080846645902974, -0.8286646571056604, -0.47817986256544726, 0.5947672746190314, 2.152678933812539, 3.068755367902674, 2.354166859492433, 0.4096837507978832, -1.0715185125711952, -0.7169373457270583, 1.0812215535307637, 2.574433471459781, 2.5475101521596475, 1.5584070870218092, 1.0983906880017202, 1.6915945560634031, 2.2542764183362904, 1.5460936706990553, -0.038563107315368494, -0.646118229352681, 0.8681066010822466, 3.253509112065971, 3.8140875770321943, 1.2022078020979776, -2.9643756053048675, -5.538893901626705, -4.885671031340216, -2.3081705447530707, -0.4441628191370013, -0.5163321769134998, -1.4256694050841645, -1.4347430048753178, -0.28420997650372937, 0.6852507355638444, 0.3402751939440423, -0.8022901418256035, -1.208072929718646, -0.19939758994095003, 1.194818097319204, 1.3898359712901889, 0.012064545236202068, -1.7351062326942908, -2.4100838612956665, -1.7597567222917063, -0.7032263594731788, -0.13515950408129906, -0.06592697159954952, 0.04523616831971766, 0.4467472849277153, 0.8784820841422454, 1.090380101848381, 1.198232549788164, 1.3349111022023734, 1.1928506874926061, 0.31749424892801925, -1.0566556664344606, -1.8055849522023344, -0.942997671366859, 1.1280923233276083, 2.712590354935501, 2.436427980016436, 0.6906221474200858, -0.7770960482357985, -0.7519248098938225, 0.2082069308160832, 0.6124719376849672, -0.06241825597588313, -0.7314830958664887, -0.1527673203656451, 1.2813010783200653, 1.7194291801656338, 0.019507029597566797, -2.565048119376904, -3.3352155892045756, -0.9401840303321116]}