{"session_id": "b6724636", "step": 10, "signal": [2.8739679722053673, -1.0764801732443945, -3.389551991939548, -2.8238745301527928, -0.8872799934129958, -0.03483084026080929, -1.0490924511168727, -2.466048848258361, -2.4966081252640255, -1.1036213067456941, 0.10768235860309444, -0.11695503778535038, -1.2393392484843095, -1.6802080640453632, -0.7622914966250869, 0.48760429089087576, 0.5605593752217031, -0.7973702221250497, -2.3470865878166727, -2.782986761399353, -2.0857120986056095, -1.3071301812838787, -1.22497863234429, -1.5325470204361415, -1.3968683511746989, -0.5236209069053366, 0.5888486923625506, 1.3429894374842037, 1.6448627103516889, 1.6841816270081678, 1.398543490369423, 0.5569513047142145, -0.5739234345515692, -1.029986445564651, -0.02286573658641644, 1.9775901524632349, 3.3815273703716846, 2.9823767978814484, 1.252946147140215, -0.11175367162217653, -0.004493188890893465, 0.96132314630094, 1.3077016591571131, 0.5145325570995447, -0.39698025070920273, -0.25525293160292006, 0.5999169832922504, 0.532738534841051, -1.362121800420021, -3.791222942883907, -4.284485633421511, -1.80525782901679, 1.9293813885863558, 4.013715166409944, 3.209837986263568, 1.0291929185989837, -0.06945802076573271, 0.7001827167047326, 1.8778073563753452, 1.6779520173066977, 0.06696057481862025, -1.3466329945176732, -1.3055042733930242, -0.3450657047755566, -0.04212456725806746, -1.0718600056805387, -2.405770797054856, -2.533663436281868, -1.2007611475371656, 0.3542175443335336, 0.8255899073756539, 0.19345957508786307, -0.49129339232739566, -0.45235372319664097, 0.0017325316971089633, 0.035777316460483544, -0.6471139211175854, -1.5514801670827278, -2.0829250469973832, -2.150885785066464, -1.9486213729234045, -1.4173912704920815, -0.3299214059100138, 1.0433894704383293, 1.7347719919772335, 0.952286963060065, -0.8376223243220786, -2.048293690818407, -1.476087730474481, 0.40356450128507815, 1.8933748881896455, 1.884217412042063, 0.9880093802962827, 0.6816892768231133, 1.484759649547693, 2.3758664961369536, 2.183735317496081, 1.2489277158828693, 1.2084418765850213, 2.969243403921426, 5.2399234131611125, 5.55280414806909, 2.8739679722053633, -1.0764801732443654, -3.3895519919395434, -2.8238745301528145, -0.8872799934130136, -0.03483084026080685, -1.049092451116859, -2.466048848258352, -2.4966081252640375, -1.1036213067457088, 0.10768235860308314, -0.11695503778533844, -1.239339248484296, -1.6802080640453487, -0.7622914966250948, 0.48760429089086743, 0.5605593752216863, -0.7973702221250536, -2.3470865878166567, -2.7829867613993415, -2.085712098605626, -1.3071301812838627, -1.2249786323442748, -1.5325470204361396, -1.3968683511747069, -0.5236209069053606, 0.5888486923625461, 1.3429894374842073, 1.6448627103516982, 1.6841816270081595, 1.3985434903694187, 0.5569513047141954, -0.5739234345515568, -1.029986445564617, -0.02286573658640123, 1.9775901524631991, 3.3815273703716806, 2.9823767978814466, 1.252946147140186, -0.11175367162217364, -0.004493188890889885, 0.9613231463009485, 1.3077016591571153, 0.5145325570995578, -0.3969802507091824, -0.2552529316029185, 0.5999169832922409, 0.5327385348410387, -1.3621218004200362, -3.7912229428839175, -4.284485633421512, -1.8052578290168493, 1.9293813885863076, 4.01371516640994, 3.209837986263527, 1.029192918598957, -0.0694580207657377, 0.700182716704749, 1.8778073563753273, 1.6779520173066922, 0.06696057481862136, -1.3466329945176696, -1.3055042733930176, -0.34506570477553666, -0.04212456725804681, -1.0718600056805432, -2.4057707970548763, -2.533663436281919, -1.2007611475372015, 0.35421754433354213, 0.8255899073756778, 0.19345957508786862, -0.49129339232740243, -0.45235372319663975, 0.001732531697108075, 0.035777316460500086, -0.6471139211175635, -1.551480167082709, -2.0829250469973575, -2.1508857850664733, -1.948621372923404, -1.4173912704920706, -0.32992140590999275, 1.0433894704383047, 1.7347719919772309, 0.9522869630600541, -0.8376223243220474, -2.0482936908183547, -1.4760877304744553, 0.40356450128506505, 1.8933748881896353, 1.8842174120420356, 0.9880093802962768, 0.68168927682312, 1.484759649547714, 2.3758664961369713, 2.1837353174960703, 1.2489277158828376, 1.2084418765850033, 2.9692434039214097, 5.239923413161118, 5.552804148069101, 2.8739679722053513, -1.0764801732444067, -3.389551991939544, -2.8238745301528247, -0.8872799934130237, -0.03483084026079697, -1.0490924511168367, -2.466048848258347, -2.496608125264027, -1.1036213067456893, 0.10768235860310055, -0.11695503778537447, -1.2393392484843329, -1.68020806404538, -0.7622914966250649, 0.48760429089088875, 0.5605593752217372, -0.7973702221250394, -2.347086587816685, -2.7829867613993873, -2.0857120986056494, -1.3071301812838985, -1.2249786323442688, -1.5325470204361085, -1.3968683511746995, -0.523620906905324, 0.5888486923625424, 1.3429894374841933, 1.6448627103516933, 1.6841816270081662, 1.3985434903694511, 0.5569513047142665, -0.573923434551572, -1.0299864455646435, -0.022865736586414886, 1.9775901524632342, 3.3815273703716784, 2.982376797881428, 1.2529461471401822, -0.11175367162215061, -0.00449318889090379, 0.9613231463009267, 1.3077016591570647, 0.5145325570995607, -0.3969802507091871, -0.25525293160295004, 0.5999169832922366, 0.5327385348410691, -1.3621218004200224, -3.7912229428839073, -4.284485633421523, -1.8052578290168233]}