{"session_id": "b6724636", "step": 9, "signal": [3.7975538977088856, -0.058135247490980924, -2.4881911025915433, -2.2668682231474575, -0.7607544979544685, -0.16008194494607197, -1.077819829487889, -2.177786114276489, -2.042164104298423, -0.9339308392954876, -0.386804077644875, -1.2239508290016692, -2.4597877748459265, -2.428068414893681, -0.7975002664868611, 0.9176127189979141, 0.9691752695768497, -0.7331291927529185, -2.565844521908068, -2.9439219053468277, -1.862300090199792, -0.6162063277510671, -0.2478435747076563, -0.5765730646388693, -0.7390898037653556, -0.32661511823761924, 0.29747509510715686, 0.671996078840298, 0.8248441101374893, 0.9977019480462503, 1.0413688868571411, 0.49781896731445036, -0.6156524255121669, -1.420203964662904, -0.9335231281313981, 0.7677457732707165, 2.4241049014302725, 2.8276399492711604, 2.064003900499778, 1.2965730491925174, 1.334862243788876, 1.721954263186121, 1.4643227799335934, 0.4761532344112193, -0.15680629314078506, 0.42796318342227796, 1.4959313013687263, 1.2386836012040057, -1.1285732735161336, -4.0723062897162, -4.966232000963318, -2.7408697233131707, 0.8982108681807447, 3.0989234794916434, 2.6389992759704057, 0.8886430992689602, 0.041789433918664964, 0.715139400004978, 1.5762156319529852, 1.2108227644391363, -0.11457907080997776, -0.8629800612617278, -0.20816208512005652, 0.8670554574716518, 0.6988608926563007, -1.0419694372335773, -2.8394601185451833, -2.9442671173971875, -1.2652667242253088, 0.5744381808207182, 0.9896928303533863, -0.025127597954251013, -1.1758084937490012, -1.421593262123851, -0.9449788268079258, -0.611511966606996, -0.8325627849490547, -1.247657175696732, -1.3987785450533123, -1.3172096806274218, -1.2481868626543031, -1.0461760496081358, -0.2568755065212254, 1.0986940525882622, 2.1380213393408956, 1.8752348707139128, 0.3835849471268367, -1.0806082033369702, -1.3123433139400698, -0.3998776803141825, 0.4911562986664135, 0.5493700771408302, 0.23021798950970673, 0.5261964631123222, 1.5225387562838049, 2.133372898260414, 1.4965153011893852, 0.34728593061361224, 0.49533108378434376, 2.7270995164433405, 5.511112062187388, 6.223506474105679, 3.79755389770887, -0.058135247490964936, -2.4881911025915375, -2.2668682231474717, -0.7607544979544819, -0.16008194494608907, -1.0778198294878896, -2.1777861142764783, -2.042164104298423, -0.9339308392954939, -0.38680407764487357, -1.2239508290016543, -2.459787774845926, -2.428068414893678, -0.7975002664868716, 0.9176127189979084, 0.9691752695768445, -0.7331291927529193, -2.56584452190806, -2.9439219053468335, -1.8623000901998281, -0.6162063277510552, -0.24784357470763937, -0.5765730646388607, -0.7390898037653539, -0.3266151182376269, 0.2974750951071594, 0.6719960788403068, 0.8248441101374908, 0.9977019480462203, 1.0413688868571196, 0.49781896731443376, -0.6156524255121457, -1.420203964662862, -0.9335231281313802, 0.7677457732706792, 2.424104901430247, 2.827639949271147, 2.064003900499758, 1.2965730491925327, 1.3348622437888769, 1.7219542631861253, 1.4643227799335985, 0.47615323441122837, -0.15680629314077868, 0.4279631834222844, 1.4959313013687217, 1.2386836012039968, -1.1285732735161504, -4.072306289716208, -4.966232000963321, -2.740869723313228, 0.898210868180692, 3.098923479491638, 2.638999275970375, 0.888643099268953, 0.04178943391865575, 0.7151394000049796, 1.5762156319529779, 1.2108227644391518, -0.11457907080997354, -0.8629800612617292, -0.20816208512006956, 0.8670554574716601, 0.6988608926563168, -1.0419694372335766, -2.8394601185452077, -2.944267117397254, -1.2652667242253712, 0.5744381808207111, 0.9896928303534117, -0.02512759795423758, -1.1758084937490088, -1.4215932621238534, -0.9449788268079266, -0.6115119666069616, -0.8325627849490274, -1.247657175696728, -1.3987785450533199, -1.3172096806274287, -1.2481868626543036, -1.0461760496081138, -0.25687550652120517, 1.098694052588221, 2.1380213393408622, 1.8752348707138937, 0.38358494712686975, -1.080608203336919, -1.3123433139400518, -0.399877680314202, 0.4911562986664072, 0.5493700771408209, 0.23021798950971017, 0.5261964631123188, 1.5225387562838038, 2.1333728982604194, 1.4965153011893793, 0.34728593061360036, 0.4953310837843291, 2.7270995164433063, 5.5111120621873635, 6.22350647410569, 3.797553897708877, -0.058135247490966435, -2.4881911025915144, -2.266868223147472, -0.7607544979544976, -0.1600819449460753, -1.0778198294878787, -2.1777861142764916, -2.04216410429843, -0.9339308392954841, -0.38680407764485014, -1.2239508290016707, -2.459787774845946, -2.4280684148937137, -0.7975002664868891, 0.9176127189979222, 0.9691752695768552, -0.73312919275293, -2.565844521908072, -2.9439219053468246, -1.8623000901998168, -0.6162063277511125, -0.2478435747076879, -0.5765730646388634, -0.7390898037653486, -0.3266151182375963, 0.29747509510713877, 0.6719960788402689, 0.8248441101374853, 0.9977019480462496, 1.041368886857182, 0.4978189673145035, -0.6156524255121911, -1.4202039646629216, -0.9335231281313912, 0.7677457732707476, 2.424104901430281, 2.827639949271135, 2.0640039004997193, 1.296573049192533, 1.3348622437889166, 1.721954263186145, 1.4643227799335763, 0.4761532344112245, -0.15680629314080574, 0.42796318342223816, 1.4959313013687279, 1.238683601204051, -1.1285732735161291, -4.072306289716208, -4.9662320009633305, -2.7408697233132013]}