{"session_id": "0834198f", "step": 13, "signal": [2.026339080247202, -1.159715416645062, -3.093502042736522, -2.9661076525970147, -1.8269246538860433, -1.223526337198087, -1.5305218597565253, -1.827036349468008, -1.303557317465018, -0.3924717006170382, -0.22354211243483318, -1.0921588185326248, -1.8777670435647087, -1.2430914013650716, 0.7182588007660742, 2.3517512925643747, 2.1015356419574536, 0.16251050274379808, -1.7055764274920384, -1.9857502686693487, -0.8460713523680393, 0.27458632051531395, 0.3186320049745205, -0.39281948495252755, -0.7874853349524604, -0.3664919464506931, 0.34514703690684484, 0.5819763509721165, 0.24638568594733012, -0.1490151410378625, -0.2728136532472042, -0.3777537327522674, -0.8034773025119586, -1.3059002994618165, -1.1841202073947703, -0.12588187937079576, 1.2829105509352339, 2.073209915843375, 1.8622467274480963, 1.14528570467986, 0.6217424501589376, 0.4450256807804389, 0.304769435903362, 0.10691921885929193, 0.2127436330608286, 0.8155216533523795, 1.301547033799205, 0.6581827920688169, -1.2812085969743152, -3.2096587949384103, -3.3352500179189275, -1.1597627964740722, 1.8620759737889192, 3.6209998031517507, 3.310746287937336, 1.9834797937449589, 1.1896247652388756, 1.306677489252717, 1.4166424329020617, 0.7128350082795392, -0.36962425312987757, -0.6983748880525499, 0.024396093281705555, 0.6803447880476826, -0.0658386836094792, -2.1188546693597887, -3.82278133909819, -3.6207005504113767, -1.706781281657109, 0.15960934898471246, 0.46152217560610986, -0.6333120110728359, -1.6866990105444117, -1.6420678326394416, -0.8218775422370103, -0.30005932302347743, -0.5774142738786965, -1.13110616345452, -1.1980740445422207, -0.6832825335207593, -0.10205794967780868, 0.2113703315147279, 0.5068715981285655, 1.121199059773445, 1.8074096106361357, 1.8618147025349558, 0.9694884007342487, -0.2861802182872469, -0.9384651877428238, -0.6066891772779058, 0.2120516949442734, 0.8167989475344166, 1.052912893761448, 1.2298590936114975, 1.4411358614352852, 1.325271060996657, 0.6891379194719719, 0.1469483124335007, 0.712190614638214, 2.5526866001917328, 4.362967084210738, 4.352905615198534, 2.0263390802471832, -1.1597154166450563, -3.0935020427365183, -2.9661076525970236, -1.8269246538860457, -1.2235263371980982, -1.5305218597565318, -1.8270363494680122, -1.3035573174650277, -0.3924717006170535, -0.22354211243482852, -1.0921588185326083, -1.8777670435647038, -1.243091401365065, 0.7182588007660677, 2.3517512925643693, 2.101535641957443, 0.16251050274378787, -1.7055764274920369, -1.9857502686693573, -0.8460713523680593, 0.2745863205153176, 0.3186320049745367, -0.392819484952513, -0.7874853349524555, -0.366491946450701, 0.34514703690683457, 0.5819763509721185, 0.24638568594734295, -0.1490151410378617, -0.2728136532472156, -0.3777537327522734, -0.803477302511953, -1.3059002994617974, -1.184120207394761, -0.12588187937081552, 1.2829105509352283, 2.0732099158433726, 1.8622467274480745, 1.1452857046798506, 0.6217424501589207, 0.445025680780437, 0.30476943590337024, 0.10691921885929984, 0.212743633060832, 0.8155216533523646, 1.3015470337991994, 0.6581827920688045, -1.2812085969743137, -3.2096587949384032, -3.3352500179189333, -1.1597627964741304, 1.8620759737888744, 3.6209998031517596, 3.310746287937324, 1.9834797937449609, 1.1896247652388592, 1.3066774892527082, 1.4166424329020466, 0.7128350082795483, -0.3696242531298738, -0.6983748880525601, 0.024396093281679576, 0.6803447880476726, -0.06583868360947154, -2.118854669359764, -3.8227813390981873, -3.6207005504114247, -1.7067812816571815, 0.15960934898468715, 0.46152217560612296, -0.6333120110728075, -1.6866990105444062, -1.642067832639437, -0.8218775422370306, -0.3000593230234753, -0.5774142738786924, -1.1311061634545085, -1.1980740445422182, -0.6832825335207535, -0.10205794967781506, 0.21137033151472717, 0.5068715981285592, 1.121199059773418, 1.8074096106361222, 1.8618147025349505, 0.9694884007342699, -0.2861802182872094, -0.9384651877428192, -0.6066891772779157, 0.212051694944265, 0.8167989475343981, 1.0529128937614263, 1.2298590936114917, 1.441135861435308, 1.3252710609966938, 0.6891379194719972, 0.14694831243350703, 0.7121906146381789, 2.5526866001916804, 4.362967084210707, 4.352905615198566, 2.0263390802472085, -1.1597154166450316, -3.093502042736505, -2.9661076525970413, -1.8269246538860857, -1.2235263371980896, -1.530521859756516, -1.8270363494680122, -1.3035573174650303, -0.3924717006170435, -0.22354211243480987, -1.092158818532614, -1.8777670435647273, -1.2430914013651093, 0.7182588007660198, 2.351751292564364, 2.101535641957443, 0.16251050274379597, -1.7055764274920286, -1.9857502686693416, -0.8460713523680736, 0.27458632051527, 0.3186320049744993, -0.39281948495249297, -0.7874853349524269, -0.3664919464506586, 0.3451470369068286, 0.581976350972085, 0.24638568594732368, -0.14901514103785735, -0.2728136532471737, -0.37775373275222185, -0.8034773025119833, -1.3059002994618483, -1.184120207394782, -0.12588187937077355, 1.2829105509352499, 2.073209915843362, 1.8622467274480416, 1.1452857046798781, 0.6217424501589857, 0.445025680780455, 0.3047694359033295, 0.10691921885927116, 0.21274363306080124, 0.8155216533523465, 1.3015470337992094, 0.6581827920688654, -1.281208596974298, -3.209658794938418, -3.3352500179189386, -1.1597627964741124]}