{"session_id": "0834198f", "step": 5, "signal": [0.3626061613735949, -1.4606367059784218, -2.219480952183895, -1.7926530624686894, -1.0585867439132708, -0.86952424361428, -1.245878596012253, -1.596377633837953, -1.5307893151754801, -1.2374178282994384, -1.0677860053687778, -0.9863034604313226, -0.6437674043350806, 0.03874592930939608, 0.5857296716089593, 0.4270206622346445, -0.41208975575097256, -1.2394307435382375, -1.3731121523960668, -0.8052529604069322, -0.11716393768358649, 0.19226061415461446, 0.1470104067574809, 0.05148043281893255, -0.004426694365311845, -0.19468889002980005, -0.5280812707736473, -0.6105856869330909, -0.05499078445392197, 0.9038447904423333, 1.4393958937887767, 0.9602932849873864, -0.14164725402287826, -0.7549153538643216, -0.15593297344096058, 1.2201960080902958, 2.2187491347457753, 2.1464646071798965, 1.392054525894509, 0.8404945235842112, 0.8246472130231329, 0.8502759186930146, 0.35918397405476565, -0.4643629327753311, -0.8714755432291545, -0.508636146647288, 0.04052568803224005, -0.1304357711531947, -1.1397246913167374, -2.0289212642318333, -1.716416452557682, -0.17626492151032405, 1.4684496116917611, 2.0486470880607244, 1.4457620957506707, 0.5408971880546649, 0.18888374457822243, 0.4126049699574105, 0.6231024595429568, 0.4322664521805514, 0.03029976343504348, -0.22962858197014496, -0.38174016674968014, -0.7741671158068215, -1.4850769004497149, -2.038532190533819, -1.8642717236624975, -0.9878225871416781, -0.10192163669302602, 0.11065326961117267, -0.35917483514830834, -0.9315812322137144, -1.1094252506502857, -0.9186912288684195, -0.665979545890043, -0.4435755294977114, -0.080025187579704, 0.43081972480611036, 0.6922510585014385, 0.3143451097702651, -0.4707330585785373, -0.8390922877428093, -0.20189779551111348, 1.046638124374824, 1.792782865994288, 1.3109441138089626, 0.03444996898126158, -0.8834874750673721, -0.7508284705645798, 0.04279966645977279, 0.6118267975627669, 0.6231255261028182, 0.571001479465008, 1.0140529665496554, 1.768742543607258, 2.0872247589997377, 1.6173254485119457, 0.9442971002458782, 0.9764631362475412, 1.8341317207652987, 2.561181455307726, 2.078461283320369, 0.36260616137359664, -1.4606367059784078, -2.219480952183899, -1.7926530624687051, -1.0585867439132821, -0.8695242436142898, -1.2458785960122567, -1.5963776338379445, -1.5307893151754834, -1.2374178282994415, -1.0677860053687809, -0.9863034604313279, -0.6437674043350916, 0.03874592930939924, 0.5857296716089604, 0.4270206622346565, -0.41208975575097784, -1.2394307435382366, -1.3731121523960679, -0.8052529604069391, -0.11716393768360153, 0.19226061415460957, 0.14701040675748583, 0.051480432818931554, -0.004426694365301909, -0.19468889002979978, -0.5280812707736455, -0.6105856869330945, -0.0549907844539288, 0.9038447904423146, 1.4393958937887807, 0.9602932849873855, -0.14164725402285994, -0.7549153538643124, -0.1559329734409686, 1.2201960080902652, 2.218749134745764, 2.146464607179896, 1.392054525894499, 0.8404945235842152, 0.8246472130231378, 0.8502759186930178, 0.35918397405476493, -0.46436293277533297, -0.8714755432291665, -0.5086361466472975, 0.04052568803223755, -0.1304357711531881, -1.1397246913167254, -2.0289212642318333, -1.7164164525576897, -0.17626492151036235, 1.4684496116917312, 2.0486470880607306, 1.4457620957506614, 0.5408971880546719, 0.1888837445782377, 0.41260496995741514, 0.6231024595429455, 0.43226645218054477, 0.030299763435037874, -0.22962858197014496, -0.38174016674967226, -0.7741671158068273, -1.4850769004497164, -2.0385321905338207, -1.8642717236625, -0.9878225871417058, -0.10192163669304202, 0.11065326961118191, -0.35917483514829857, -0.9315812322137009, -1.1094252506502857, -0.9186912288684146, -0.6659795458900455, -0.44357552949772006, -0.08002518757970817, 0.43081972480611325, 0.6922510585014485, 0.3143451097702679, -0.4707330585785445, -0.8390922877428131, -0.2018977955111088, 1.0466381243748022, 1.792782865994291, 1.3109441138089684, 0.034449968981272984, -0.883487475067359, -0.7508284705645785, 0.042799666459761965, 0.6118267975627676, 0.6231255261028087, 0.5710014794650022, 1.0140529665496556, 1.7687425436072524, 2.087224758999744, 1.6173254485119475, 0.9442971002458669, 0.9764631362475333, 1.834131720765288, 2.561181455307732, 2.078461283320384, 0.3626061613735877, -1.4606367059784144, -2.219480952183888, -1.7926530624687058, -1.0585867439132857, -0.8695242436142832, -1.245878596012241, -1.5963776338379483, -1.530789315175476, -1.23741782829944, -1.0677860053687789, -0.986303460431337, -0.643767404335104, 0.03874592930937798, 0.5857296716089726, 0.4270206622346723, -0.41208975575096474, -1.2394307435382343, -1.373112152396068, -0.8052529604069413, -0.11716393768360936, 0.19226061415460446, 0.1470104067574849, 0.051480432818947264, -0.004426694365303463, -0.19468889002979733, -0.5280812707736506, -0.6105856869330952, -0.0549907844539298, 0.9038447904423167, 1.439395893788782, 0.9602932849874204, -0.14164725402289116, -0.754915353864328, -0.15593297344095772, 1.220196008090289, 2.218749134745765, 2.1464646071798867, 1.3920545258945054, 0.840494523584244, 0.8246472130231568, 0.8502759186930146, 0.35918397405475044, -0.4643629327753325, -0.871475543229156, -0.5086361466473007, 0.04052568803224171, -0.1304357711531749, -1.1397246913167394, -2.028921264231835, -1.7164164525577, -0.17626492151034828]}