{"session_id": "0834198f", "step": 12, "signal": [2.9095773806863727, -0.369909035382545, -2.8290177872883033, -3.0136105072489783, -1.536221110392476, -0.21602350199835046, -0.18647205533375147, -0.9952807994491598, -1.4668565686568251, -1.1382695091553097, -0.6187445444041472, -0.6342256639608777, -1.0491317434805663, -1.057506678359161, -0.25319017145308204, 0.7555905093211404, 0.9394013418117926, -0.034285060262532197, -1.4206268558303043, -2.1360677257022727, -1.7636783937426599, -0.7922039525362017, 0.0005105624340161485, 0.2368459338000794, 0.05332506158644749, -0.23069289044474472, -0.369426975103587, -0.20181756403707174, 0.318878967042534, 0.9490259559328894, 1.1457303360308986, 0.512461737024248, -0.634379381814715, -1.309078893321114, -0.7109308229626243, 0.8997619744806598, 2.317188905616476, 2.5149957846541557, 1.6286086586096513, 0.7113886539196115, 0.5312024821645612, 0.7839270111645472, 0.6242034890967068, -0.1553493055088623, -0.7760881217243822, -0.4586258069420338, 0.4226692999528838, 0.5218216349360045, -0.9630185856635988, -3.108402174778276, -3.902296553803515, -2.2163729225067446, 0.9377384837653389, 3.2628645102502567, 3.306897830708997, 1.6845030974875321, 0.2170523489544314, 0.040232165879726306, 0.7039890212404342, 1.0349285881245398, 0.572252914201205, -0.07278043035781594, -0.17232487689330384, 0.1397821205811708, 0.05914278675772899, -0.8190538099298033, -1.8854604547130587, -2.109769574566613, -1.1588398704543164, 0.22283178489651856, 0.9517598668618452, 0.6108106469186567, -0.31174738239818733, -1.0388107085472373, -1.193755319261948, -0.914337915533077, -0.5213713547889841, -0.2622881340715767, -0.2999722519593534, -0.6831368677460927, -1.170230162872971, -1.220527618913462, -0.4397182452849506, 0.8535609309917844, 1.671375931071778, 1.2108512954998554, -0.2697963519296912, -1.566727769738029, -1.6554153612901814, -0.6729393107703053, 0.32588264523754085, 0.5719467927513446, 0.36837762099080706, 0.5597887366692917, 1.3530810096381152, 1.9694029124827712, 1.6294342484997735, 0.7078845298866063, 0.551339539547968, 1.9625190753071604, 4.0190905709931215, 4.710367748807685, 2.909577380686372, -0.3699090353825131, -2.82901778728829, -3.013610507248992, -1.536221110392502, -0.21602350199836656, -0.1864720553337552, -0.9952807994491535, -1.46685656865683, -1.1382695091553148, -0.6187445444041519, -0.6342256639608745, -1.0491317434805687, -1.0575066783591514, -0.25319017145308687, 0.7555905093211353, 0.9394013418117859, -0.034285060262531974, -1.4206268558302915, -2.1360677257022616, -1.7636783937426779, -0.7922039525362028, 0.0005105624340119297, 0.236845933800081, 0.05332506158645459, -0.23069289044474767, -0.36942697510358324, -0.20181756403707773, 0.3188789670425299, 0.9490259559328716, 1.145730336030907, 0.5124617370242442, -0.6343793818147061, -1.3090788933211055, -0.7109308229626272, 0.8997619744806283, 2.3171889056164714, 2.5149957846541557, 1.6286086586096329, 0.7113886539196108, 0.5312024821645632, 0.7839270111645538, 0.6242034890967174, -0.15534930550885886, -0.7760881217243805, -0.45862580694204846, 0.4226692999528765, 0.5218216349359983, -0.9630185856635995, -3.108402174778279, -3.9022965538035113, -2.2163729225067956, 0.9377384837652913, 3.2628645102502425, 3.3068978307089867, 1.6845030974875292, 0.21705234895443212, 0.04023216587972153, 0.7039890212404176, 1.0349285881245227, 0.5722529142012013, -0.07278043035781433, -0.17232487689329906, 0.13978212058117057, 0.05914278675774054, -0.8190538099298039, -1.8854604547130558, -2.1097695745666414, -1.1588398704543457, 0.22283178489650096, 0.9517598668618564, 0.6108106469186565, -0.3117473823981953, -1.0388107085472382, -1.193755319261947, -0.9143379155330753, -0.5213713547889813, -0.26228813407158136, -0.2999722519593315, -0.683136867746085, -1.170230162872969, -1.2205276189134548, -0.4397182452849272, 0.8535609309917682, 1.6713759310717822, 1.210851295499852, -0.26979635192968116, -1.5667277697380095, -1.6554153612901692, -0.6729393107703152, 0.32588264523754285, 0.5719467927513258, 0.368377620990795, 0.5597887366692744, 1.3530810096381138, 1.9694029124827863, 1.6294342484997841, 0.7078845298866003, 0.5513395395479652, 1.962519075307145, 4.019090570993115, 4.710367748807683, 2.9095773806863625, -0.3699090353825401, -2.8290177872882842, -3.013610507248999, -1.5362211103925079, -0.21602350199836637, -0.18647205533373695, -0.9952807994491445, -1.4668565686568047, -1.1382695091553097, -0.618744544404127, -0.634225663960887, -1.0491317434805816, -1.0575066783591813, -0.2531901714530973, 0.7555905093211331, 0.9394013418117891, -0.034285060262552736, -1.4206268558303055, -2.136067725702271, -1.7636783937426808, -0.7922039525362505, 0.0005105624339806214, 0.23684593380008528, 0.05332506158648304, -0.23069289044471813, -0.3694269751035867, -0.20181756403709916, 0.3188789670425185, 0.9490259559328712, 1.1457303360309314, 0.5124617370242999, -0.6343793818147325, -1.3090788933211388, -0.7109308229626308, 0.8997619744806808, 2.317188905616504, 2.514995784654155, 1.6286086586096185, 0.7113886539196257, 0.5312024821645953, 0.7839270111645679, 0.6242034890966668, -0.15534930550889056, -0.7760881217243996, -0.45862580694204835, 0.42266929995289715, 0.5218216349360201, -0.9630185856636184, -3.108402174778297, -3.902296553803531, -2.2163729225067414]}