{"session_id": "0834198f", "step": 16, "signal": [2.2794978570316515, -0.7833299501676507, -2.8502126761808233, -3.1948432535952422, -2.458907982003907, -1.7205151886860857, -1.4325298787600913, -1.3167598569405996, -1.083766974461513, -0.9402519139483178, -1.2533004845109201, -1.873961342336087, -2.07374252930649, -1.2890241287747197, 0.15620067531696202, 1.2239308938905897, 1.1120916036919672, -0.00854711785425899, -1.213185546411974, -1.7011573719610227, -1.4023477319042565, -0.7989264385065884, -0.33300961807857943, -0.09001205065295081, 0.04258675807869055, 0.12110965691613473, 0.14584447200875716, 0.19285478154475666, 0.3563673359512646, 0.523932148679622, 0.36546218486805404, -0.2870136007625541, -1.0598260153359391, -1.2077095319547502, -0.3058868613400168, 1.2408589539531811, 2.4852326453534843, 2.780596778469981, 2.2959991340875074, 1.676650352354792, 1.298634331178321, 1.0040824519859521, 0.5666398115718125, 0.19884067310886128, 0.348038690333702, 0.9622936934527282, 1.2020001401026827, 0.17336140714802187, -1.9690458091078034, -3.816237294298304, -3.8246438286570266, -1.7449256684995342, 1.0879861452640232, 2.920334600473222, 3.029367930189761, 2.0603438481271024, 1.0949040703336386, 0.5893554027733481, 0.2688036888907942, -0.1530849383714269, -0.46674632944661343, -0.3025154302911714, 0.19291233948380276, 0.2929434277202675, -0.5645299724120556, -2.0544117853393042, -3.1380240672504276, -3.0130511390003036, -1.8504621705787598, -0.5756928093028052, 0.00952752135493301, -0.166390229410476, -0.6231391651066778, -0.9208265628563166, -0.9765878291908249, -0.9057817698849774, -0.7678146441984729, -0.5662560463747164, -0.38059993207089937, -0.3086000375324935, -0.24137650486865403, 0.14759854879627088, 1.0228019465431941, 2.007188171932233, 2.3522844547604955, 1.630323961240928, 0.24336320666521816, -0.8637247190398015, -1.0463834937497563, -0.47536939659743127, 0.20279694693254785, 0.6111400246521965, 0.9070687278701257, 1.3169170885434585, 1.6285691446520383, 1.3955223749945618, 0.6709880109808002, 0.2962433176725896, 1.167131960374403, 3.13146857334947, 4.782968311061822, 4.581028441159615, 2.2794978570316475, -0.7833299501676281, -2.8502126761808126, -3.194843253595252, -2.4589079820039283, -1.7205151886861112, -1.4325298787601053, -1.316759856940601, -1.0837669744615055, -0.9402519139483051, -1.2533004845109035, -1.873961342336079, -2.073742529306507, -1.289024128774719, 0.1562006753169513, 1.2239308938905833, 1.1120916036919593, -0.008547117854259212, -1.213185546411965, -1.7011573719610211, -1.402347731904281, -0.7989264385065922, -0.3330096180785824, -0.0900120506529466, 0.04258675807870254, 0.12110965691613729, 0.1458444720087556, 0.192854781544746, 0.35636733595125536, 0.5239321486796049, 0.36546218486806104, -0.2870136007625502, -1.0598260153359262, -1.2077095319547277, -0.30588686134001314, 1.2408589539531578, 2.4852326453534705, 2.780596778469973, 2.295999134087499, 1.6766503523548075, 1.2986343311783295, 1.00408245198596, 0.5666398115718112, 0.1988406731088394, 0.34803869033368273, 0.9622936934527118, 1.2020001401026976, 0.1733614071480226, -1.9690458091077985, -3.816237294298303, -3.8246438286570323, -1.7449256684995902, 1.0879861452639736, 2.92033460047321, 3.0293679301897485, 2.0603438481271135, 1.0949040703336457, 0.5893554027733562, 0.26880368889078443, -0.15308493837143156, -0.46674632944662875, -0.3025154302911896, 0.19291233948378983, 0.2929434277202544, -0.564529972412059, -2.0544117853392994, -3.1380240672504183, -3.013051139000321, -1.850462170578786, -0.5756928093028174, 0.009527521354935009, -0.16639022941047826, -0.623139165106689, -0.9208265628563131, -0.9765878291908242, -0.9057817698849496, -0.7678146441984558, -0.5662560463747113, -0.38059993207089693, -0.3086000375325021, -0.24137650486868018, 0.14759854879626466, 1.0228019465432117, 2.0071881719322375, 2.352284454760521, 1.6303239612409346, 0.24336320666521272, -0.863724719039789, -1.046383493749747, -0.4753693965974126, 0.2027969469325675, 0.6111400246522027, 0.9070687278701194, 1.3169170885434318, 1.6285691446520252, 1.3955223749945471, 0.6709880109807985, 0.2962433176726038, 1.1671319603744195, 3.131468573349483, 4.782968311061829, 4.581028441159617, 2.2794978570316102, -0.7833299501676727, -2.85021267618082, -3.194843253595252, -2.458907982003918, -1.7205151886860763, -1.432529878760087, -1.3167598569405978, -1.0837669744615148, -0.9402519139483437, -1.2533004845109188, -1.8739613423361015, -2.0737425293065073, -1.289024128774733, 0.15620067531694282, 1.2239308938906044, 1.1120916036919717, -0.008547117854267205, -1.2131855464119852, -1.7011573719610393, -1.402347731904284, -0.7989264385066164, -0.3330096180785933, -0.09001205065292706, 0.04258675807871963, 0.12110965691615305, 0.14584447200875073, 0.19285478154474567, 0.35636733595126635, 0.5239321486795985, 0.36546218486806015, -0.28701360076252114, -1.0598260153359496, -1.2077095319547346, -0.30588686134000553, 1.240858953953197, 2.4852326453534888, 2.7805967784699646, 2.295999134087467, 1.6766503523548062, 1.2986343311783384, 1.0040824519859566, 0.566639811571797, 0.19884067310887565, 0.34803869033370305, 0.9622936934527042, 1.2020001401026672, 0.17336140714804182, -1.9690458091078102, -3.816237294298307, -3.8246438286570235, -1.7449256684995464]}