{"session_id": "b6724636", "step": 17, "signal": [2.37190271750937, -1.949599599239005, -4.695156409826594, -4.280016761374386, -2.0440982895745665, -0.6201975866945112, -1.1704363142150302, -2.4933406757908414, -2.7537402200939787, -1.6569197452529287, -0.5972564461204712, -0.8181685250922182, -1.892862296354531, -2.2919207682933047, -1.2553465397699601, 0.2923521812362244, 0.8087855059053988, -0.13968103375023866, -1.4806184018426471, -1.8965970061843294, -1.1832052291690514, -0.21568111940801665, 0.2100013467261568, 0.17511725851815452, 0.2578732421169323, 0.6805651935547641, 1.1207814755340597, 1.2751988561188055, 1.253621042635432, 1.242129281741453, 1.0244541576273987, 0.22999156506099172, -0.8784857408577382, -1.2299777791066326, 0.0422272106285102, 2.402038073094031, 4.074045252268196, 3.6975787342341597, 1.7571728770189488, 0.10906171242386442, 0.015001668698142234, 0.8684654722292393, 1.0711894591352187, 0.01809468928557184, -1.1906249026096747, -1.195760488988943, -0.23532861854640053, -0.05563795627699253, -1.7911467390357905, -4.261474532907172, -4.862885515230107, -2.3070618591314576, 1.7835278593642232, 4.3006895499914215, 3.663134497076559, 1.214151927125672, -0.41023173305145255, -0.044855704702491006, 1.1116085459081142, 1.2265136298748658, 0.007349893036100452, -1.1496508706133848, -0.9995949219362673, 0.031798159962357936, 0.415767777780812, -0.6074547379717103, -2.113563577671595, -2.5607993127051913, -1.5165764400074293, -0.054775563866614974, 0.5053415559491883, -0.04282169113411133, -0.8265319525944065, -1.0526016826298132, -0.8053318961302176, -0.6661487699366347, -0.8607125707534986, -1.0700698515056313, -0.9943969673908932, -0.7469855596074666, -0.5173402819003824, -0.09249870340158495, 0.8950028488465671, 2.1794653458884077, 2.6872210505937124, 1.5491894047512678, -0.7005723675100026, -2.2883229421979077, -1.8546695496331722, 0.11498655743236641, 1.7639679432257438, 1.8305049878314401, 0.9215421854731854, 0.6361845082826212, 1.5807635389028118, 2.6567303306156242, 2.5068884529894775, 1.371603755097523, 0.9998354925636544, 2.528953602869877, 4.781706324311861, 5.157656050542821, 2.371902717509367, -1.9495995992389714, -4.695156409826585, -4.280016761374412, -2.044098289574597, -0.6201975866945212, -1.170436314215027, -2.493340675790835, -2.753740220093988, -1.6569197452529372, -0.5972564461204735, -0.8181685250921967, -1.8928622963545123, -2.2919207682932874, -1.2553465397699737, 0.2923521812362063, 0.808785505905376, -0.13968103375024754, -1.4806184018426363, -1.8965970061843187, -1.183205229169066, -0.21568111940800672, 0.210001346726161, 0.17511725851815335, 0.2578732421169341, 0.680565193554747, 1.1207814755340608, 1.2751988561188088, 1.2536210426354413, 1.2421292817414495, 1.0244541576274073, 0.22999156506098103, -0.8784857408577319, -1.2299777791066193, 0.042227210628502654, 2.402038073093987, 4.0740452522682, 3.6975787342341744, 1.7571728770189297, 0.10906171242386464, 0.015001668698139403, 0.8684654722292431, 1.0711894591352245, 0.018094689285577226, -1.190624902609661, -1.1957604889889617, -0.23532861854641762, -0.05563795627700452, -1.791146739035784, -4.261474532907168, -4.862885515230097, -2.3070618591315255, 1.7835278593641686, 4.300689549991418, 3.6631344970765394, 1.2141519271256591, -0.41023173305145255, -0.04485570470248501, 1.1116085459080924, 1.2265136298748573, 0.007349893036108002, -1.1496508706133899, -0.9995949219362793, 0.031798159962349304, 0.41576777778082624, -0.6074547379717009, -2.1135635776715795, -2.5607993127052064, -1.5165764400074513, -0.05477556386663085, 0.5053415559491892, -0.04282169113412687, -0.8265319525944184, -1.052601682629804, -0.8053318961302065, -0.6661487699366203, -0.8607125707534856, -1.0700698515056244, -0.9943969673908873, -0.7469855596074793, -0.5173402819003883, -0.092498703401583, 0.8950028488465874, 2.179465345888393, 2.687221050593727, 1.549189404751263, -0.7005723675099931, -2.288322942197886, -1.8546695496331687, 0.11498655743234976, 1.763967943225746, 1.8305049878314275, 0.9215421854731808, 0.6361845082826059, 1.5807635389028176, 2.656730330615642, 2.506888452989485, 1.3716037550975164, 0.9998354925636512, 2.5289536028698665, 4.781706324311857, 5.1576560505428235, 2.371902717509346, -1.949599599239022, -4.69515640982658, -4.2800167613744176, -2.0440982895745963, -0.6201975866945056, -1.170436314214993, -2.493340675790825, -2.7537402200939742, -1.6569197452529343, -0.5972564461204581, -0.8181685250922293, -1.8928622963545352, -2.291920768293318, -1.2553465397699584, 0.29235218123619355, 0.8087855059054008, -0.13968103375024443, -1.480618401842647, -1.896597006184345, -1.1832052291690747, -0.21568111940803436, 0.2100013467261646, 0.17511725851817656, 0.25787324211694496, 0.6805651935547727, 1.1207814755340577, 1.2751988561187937, 1.2536210426354362, 1.2421292817414449, 1.0244541576274206, 0.22999156506103047, -0.8784857408577632, -1.2299777791066544, 0.04222721062849455, 2.4020380730940416, 4.074045252268222, 3.697578734234172, 1.757172877018939, 0.10906171242389517, 0.015001668698151116, 0.8684654722292307, 1.0711894591351534, 0.018094689285571064, -1.1906249026096603, -1.195760488988968, -0.23532861854641862, -0.05563795627699453, -1.791146739035813, -4.261474532907181, -4.862885515230123, -2.3070618591314744]}