{"session_id": "b6724636", "step": 16, "signal": [1.4289369623801815, -2.509558580644375, -4.831489021125579, -4.185739284374254, -2.038681710184952, -0.9568445854357995, -1.8736911178563709, -3.3264941655334486, -3.3381530592626234, -1.6745726721403669, 0.04122412177099444, 0.29967085806904686, -0.6280007641359874, -1.179033583784053, -0.4067793284623684, 0.979290432915796, 1.5435925210771702, 0.7864541640787942, -0.4118658521406464, -0.923094418820356, -0.5973452798627255, -0.17834322699408633, -0.2080301715089633, -0.3716682600428485, -0.01590304558151323, 0.9492319166591162, 1.9317055953999034, 2.369977938707452, 2.2662741708405196, 1.8976987501286962, 1.268108490977006, 0.21408475003031624, -0.9338088703951504, -1.2097954618030626, 0.052984411514442886, 2.1640444415530036, 3.352338792698434, 2.434811793311054, 0.15134671687512935, -1.4577115195108064, -1.1303693047727132, 0.33540529242786365, 1.061153337839134, 0.2264446494762603, -1.1046720080399224, -1.4210160218758943, -0.7204449888007738, -0.5685489566935088, -2.0847877012436733, -4.240878785979962, -4.649156396705323, -2.158245270444814, 1.6450127853375862, 3.844811371564038, 3.0918868079615027, 0.8542360954515812, -0.3002391794562057, 0.5630253112808395, 1.9821146748829577, 1.980439307230409, 0.3241062152300618, -1.363971588662329, -1.5746478316778958, -0.5798783649103938, 0.05656251565226467, -0.6132681615459311, -1.8814514646312581, -2.314191252871302, -1.4138091046826866, -0.06273523586385688, 0.6084416521276758, 0.44741064968555533, 0.19539958949096034, 0.3918189696107285, 0.7194034429142812, 0.5223133023120001, -0.29182324935541004, -1.133264162793815, -1.442607299030915, -1.2240323176814374, -0.756385007578126, -0.04502401198083883, 1.072229751453516, 2.2638541777209875, 2.5634094438853534, 1.3036788371540853, -0.8248975582417349, -2.051008376444223, -1.1910246867211263, 1.0160425353613525, 2.5310064863010218, 2.093299928476794, 0.5025639414921408, -0.3608482531106165, 0.32558037482796387, 1.50004883525473, 1.6537511423256532, 0.7870103752965898, 0.4679355458291181, 1.8185206897681425, 3.8129945103695873, 4.066141146417154, 1.4289369623801673, -2.509558580644362, -4.83148902112558, -4.1857392843742725, -2.038681710184972, -0.9568445854358018, -1.8736911178563695, -3.326494165533447, -3.338153059262626, -1.674572672140363, 0.04122412177098676, 0.2996708580690509, -0.6280007641359905, -1.1790335837840502, -0.4067793284623775, 0.9792904329157947, 1.5435925210771613, 0.7864541640787839, -0.41186585214064386, -0.9230944188203565, -0.5973452798627321, -0.1783432269940656, -0.2080301715089457, -0.37166826004283915, -0.015903045581514563, 0.949231916659095, 1.9317055953999016, 2.3699779387074558, 2.266274170840528, 1.897698750128697, 1.2681084909770144, 0.21408475003029515, -0.9338088703951504, -1.2097954618030426, 0.05298441151445166, 2.1640444415529707, 3.3523387926984376, 2.4348117933110576, 0.15134671687510404, -1.457711519510793, -1.1303693047726893, 0.3354052924278839, 1.0611533378391291, 0.22644464947625698, -1.1046720080399057, -1.4210160218758927, -0.7204449888007647, -0.5685489566935188, -2.084787701243693, -4.240878785979982, -4.649156396705321, -2.158245270444861, 1.6450127853375551, 3.8448113715640435, 3.091886807961472, 0.8542360954515584, -0.30023917945620926, 0.5630253112808619, 1.982114674882944, 1.98043930723041, 0.324106215230077, -1.3639715886623232, -1.5746478316778898, -0.5798783649103914, 0.05656251565227988, -0.6132681615459283, -1.8814514646312537, -2.3141912528713204, -1.4138091046827062, -0.06273523586386065, 0.6084416521276875, 0.44741064968555255, 0.1953995894909625, 0.39181896961073337, 0.7194034429142794, 0.5223133023120103, -0.2918232493553983, -1.133264162793802, -1.4426072990309011, -1.2240323176814454, -0.7563850075781264, -0.04502401198083769, 1.0722297514535353, 2.2638541777209693, 2.563409443885364, 1.3036788371540746, -0.8248975582417215, -2.0510083764442, -1.1910246867211194, 1.016042535361342, 2.5310064863010275, 2.0932999284767857, 0.502563941492141, -0.36084825311063007, 0.325580374827964, 1.5000488352547348, 1.6537511423256532, 0.7870103752965794, 0.46793554582912045, 1.8185206897681372, 3.8129945103695935, 4.066141146417161, 1.4289369623801642, -2.5095585806444016, -4.831489021125575, -4.185739284374278, -2.038681710184969, -0.9568445854357813, -1.8736911178563331, -3.3264941655334415, -3.338153059262626, -1.6745726721403584, 0.041224121770999475, 0.29967085806902377, -0.6280007641360051, -1.1790335837840615, -0.4067793284623792, 0.9792904329157939, 1.5435925210771688, 0.786454164078762, -0.4118658521406593, -0.9230944188203657, -0.5973452798627317, -0.17834322699410612, -0.2080301715089725, -0.3716682600428399, -0.015903045581506237, 0.9492319166591493, 1.9317055953998992, 2.369977938707424, 2.2662741708405116, 1.8976987501287201, 1.2681084909770721, 0.21408475003037192, -0.9338088703951894, -1.2097954618030902, 0.05298441151444799, 2.164044441553049, 3.3523387926984745, 2.4348117933110367, 0.15134671687507817, -1.4577115195107913, -1.1303693047726882, 0.335405292427886, 1.061153337839111, 0.22644464947626575, -1.10467200803993, -1.4210160218759458, -0.7204449888007927, -0.5685489566934988, -2.08478770124369, -4.2408787859799775, -4.649156396705345, -2.1582452704448323]}