{"session_id": "0834198f", "step": 2, "signal": [0.4033752807930023, -0.29968692705423783, -0.77722906762556, -0.7810334383495176, -0.4155076920405216, 0.02912995611343691, 0.31537014772217487, 0.3490071941946765, 0.13289706815451718, -0.2618208823551719, -0.6572932338770209, -0.787640741320189, -0.4742479616555401, 0.16360965665670918, 0.713325588954745, 0.766913226296943, 0.2720636571222758, -0.40402068111504474, -0.776485320731123, -0.6308234798723764, -0.1466317236504746, 0.31124354875594235, 0.4871990294224895, 0.3491341010506647, 0.005147029519182656, -0.3993798256932084, -0.6947964066887831, -0.6932634561615257, -0.302118053589288, 0.3232549193568018, 0.7970010893433229, 0.772567204925606, 0.25583318482066686, -0.3559494206908399, -0.5872089922916737, -0.27358853009956274, 0.3295578909003481, 0.79472005519552, 0.8618053560198424, 0.5658116805391316, 0.11256178446643333, -0.2952016044276584, -0.5144952186635515, -0.44634028628324757, -0.08027882520008123, 0.4109419171038783, 0.6937805111331338, 0.5020997889538259, -0.09762905412785033, -0.6911517384873741, -0.8285560983648969, -0.40116262749981696, 0.27079544698162955, 0.7176714195747134, 0.6917124555551617, 0.29777738955301714, -0.17348490691603569, -0.48416147293304307, -0.5396761893800208, -0.342553385704599, 0.036355418502533515, 0.41943645032699206, 0.5409983044535371, 0.22255871940170605, -0.4165303519430471, -0.9636437173462067, -1.0108342201273692, -0.5058899227645617, 0.18383371149866534, 0.5732754571537987, 0.4476711767252094, -0.013686616846001365, -0.44629766397931325, -0.594941636652567, -0.42793193218860703, -0.053805589767018026, 0.38159815050903184, 0.7081611686384157, 0.7375720590771021, 0.3766988242163103, -0.21953254947759054, -0.6657094456105326, -0.6156965348268948, -0.07576148780956199, 0.5564924412426229, 0.8051833086148624, 0.5056898737494849, -0.08684793970234245, -0.5450807319046869, -0.6090209383089573, -0.3137141225064537, 0.135027371882381, 0.5345291598608376, 0.7419332113978029, 0.6584409881862475, 0.27382700583453073, -0.23888025086424924, -0.5458136387585042, -0.38047073740027343, 0.19107651242060142, 0.7550010353066974, 0.861839343455401, 0.4033752807929959, -0.29968692705423366, -0.7772290676255578, -0.7810334383495194, -0.41550769204052507, 0.029129956113431242, 0.3153701477221716, 0.3490071941946772, 0.13289706815451413, -0.2618208823551759, -0.6572932338770181, -0.7876407413201906, -0.47424796165554733, 0.16360965665671323, 0.7133255889547462, 0.7669132262969461, 0.27206365712227165, -0.4040206811150473, -0.7764853207311224, -0.6308234798723754, -0.14663172365048316, 0.31124354875594046, 0.48719902942249044, 0.3491341010506659, 0.005147029519186091, -0.3993798256932062, -0.6947964066887831, -0.6932634561615267, -0.30211805358929106, 0.3232549193567876, 0.7970010893433177, 0.7725672049256029, 0.25583318482067063, -0.3559494206908386, -0.5872089922916739, -0.27358853009957007, 0.3295578909003438, 0.794720055195516, 0.8618053560198389, 0.5658116805391298, 0.11256178446642824, -0.2952016044276621, -0.514495218663552, -0.44634028628325195, -0.08027882520008754, 0.41094191710387673, 0.6937805111331332, 0.5020997889538237, -0.09762905412785386, -0.6911517384873762, -0.8285560983648967, -0.4011626274998286, 0.27079544698162084, 0.7176714195747107, 0.6917124555551551, 0.2977773895530188, -0.17348490691603657, -0.48416147293304296, -0.539676189380027, -0.34255338570461685, 0.036355418502514156, 0.41943645032698407, 0.5409983044535438, 0.22255871940170782, -0.41653035194304494, -0.9636437173462061, -1.010834220127368, -0.505889922764584, 0.18383371149864391, 0.5732754571537929, 0.4476711767252103, -0.01368661684599462, -0.4462976639793101, -0.5949416366525648, -0.4279319321886088, -0.053805589767025666, 0.3815981505090251, 0.708161168638411, 0.7375720590771165, 0.3766988242163172, -0.2195325494775846, -0.6657094456105317, -0.615696534826899, -0.07576148780958031, 0.5564924412426094, 0.805183308614863, 0.5056898737494977, -0.0868479397023249, -0.5450807319046755, -0.6090209383089583, -0.313714122506459, 0.13502737188236347, 0.5345291598608247, 0.7419332113978032, 0.6584409881862578, 0.27382700583454855, -0.23888025086423875, -0.5458136387585062, -0.3804707374002868, 0.19107651242058366, 0.7550010353066874, 0.8618393434554038, 0.4033752807930017, -0.2996869270542176, -0.7772290676255488, -0.7810334383495233, -0.41550769204054033, 0.02912995611341787, 0.31537014772216626, 0.34900719419468273, 0.13289706815453675, -0.26182088235516654, -0.6572932338770104, -0.7876407413201967, -0.4742479616555625, 0.16360965665668667, 0.7133255889547322, 0.7669132262969544, 0.27206365712227965, -0.4040206811150402, -0.7764853207311213, -0.6308234798723804, -0.14663172365050098, 0.3112435487559172, 0.4871990294224829, 0.3491341010506793, 0.005147029519207362, -0.3993798256931988, -0.694796406688782, -0.6932634561615317, -0.3021180535892978, 0.3232549193567764, 0.7970010893433179, 0.7725672049256254, 0.2558331848206732, -0.355949420690836, -0.58720899229167, -0.2735885300995689, 0.32955789090033705, 0.7947200551955084, 0.8618053560198393, 0.5658116805391563, 0.11256178446646398, -0.29520160442765286, -0.5144952186635532, -0.446340286283257, -0.08027882520009429, 0.4109419171038709, 0.693780511133133, 0.5020997889538376, -0.09762905412783837, -0.6911517384873663, -0.8285560983648979, -0.4011626274998311]}