{"session_id": "b6724636", "step": 3, "signal": [1.7863587669697747, 1.2498868559171388, 0.6673485822053737, 0.46777888602291207, 0.6520431342878596, 0.837557258067585, 0.7113266452484744, 0.3773544202643515, 0.20972255918151095, 0.389366614297861, 0.6647591923751657, 0.6191769380508646, 0.14450646171519355, -0.4190048097114569, -0.6418064974295749, -0.4656772098474035, -0.2574820369616714, -0.4044554417411773, -0.901082963809309, -1.3678825283017495, -1.4556073004683436, -1.1833845157375271, -0.869335149336088, -0.7747115228256342, -0.865339521269691, -0.9143037142284475, -0.779506899003837, -0.5376843674217409, -0.3681074958871388, -0.36230413758532276, -0.4694229956760322, -0.5870004197294592, -0.6513674666447411, -0.638468597699904, -0.5310181350941152, -0.33197933147047365, -0.09799723102807333, 0.09030032374996579, 0.21313759240014132, 0.3362009906165352, 0.5133843828364633, 0.6778355250903692, 0.6860658778154071, 0.5034760593626029, 0.30950649963065946, 0.3465092150243998, 0.6360631454871335, 0.89370515931735, 0.7970769116591783, 0.3560196248781594, -0.03459913838479166, 0.03315025378838893, 0.553595175747162, 1.092767511133391, 1.2222897031788558, 0.9423582337256703, 0.6370073892618857, 0.621048384431854, 0.7926335444652071, 0.7801425156720375, 0.40537022515779797, -0.0771979886934214, -0.24769819906393803, 0.0052585735584508055, 0.3447858559991406, 0.34472863841494655, -0.04975615695137028, -0.46849339318443106, -0.5210570042498436, -0.20993667276084332, 0.08819762633181412, 0.026655851773527674, -0.373172032312857, -0.7912306874678016, -0.9646911173334263, -0.9265323512691476, -0.902874439636091, -1.0354309677032278, -1.2475006041143677, -1.360262996026882, -1.283051539853065, -1.0679759523999828, -0.819136398069548, -0.6021916200563682, -0.4435100799566947, -0.36297843967303034, -0.3604830636236793, -0.3824339603407601, -0.35141746425692, -0.25098241236328367, -0.15019980114211157, -0.10635677235773022, -0.055951617281089244, 0.1412472011955818, 0.5167249678888065, 0.8881172682237003, 1.0103825379026918, 0.8595274966776083, 0.7179127424709781, 0.9061377651544581, 1.4129728286217287, 1.842553246187492, 1.7863587669697756, 1.2498868559171443, 0.667348582205377, 0.4677788860229116, 0.6520431342878563, 0.837557258067585, 0.7113266452484766, 0.37735442026435473, 0.20972255918150995, 0.38936661429785885, 0.664759192375162, 0.6191769380508672, 0.1445064617152007, -0.41900480971145415, -0.6418064974295739, -0.4656772098474061, -0.2574820369616714, -0.4044554417411768, -0.9010829638093059, -1.367882528301745, -1.455607300468346, -1.183384515737527, -0.8693351493360906, -0.7747115228256339, -0.8653395212696924, -0.9143037142284507, -0.7795068990038376, -0.5376843674217424, -0.3681074958871368, -0.36230413758532154, -0.46942299567603085, -0.587000419729462, -0.6513674666447405, -0.6384685976998997, -0.5310181350941103, -0.3319793314704752, -0.09799723102807416, 0.09030032374996423, 0.2131375924001402, 0.3362009906165366, 0.5133843828364635, 0.6778355250903688, 0.6860658778154102, 0.5034760593626062, 0.30950649963066545, 0.34650921502440163, 0.636063145487131, 0.8937051593173508, 0.7970769116591757, 0.35601962487815647, -0.034599138384790604, 0.03315025378838268, 0.5535951757471533, 1.0927675111333848, 1.2222897031788549, 0.9423582337256649, 0.6370073892618822, 0.6210483844318528, 0.7926335444652073, 0.7801425156720377, 0.40537022515779814, -0.07719798869342001, -0.24769819906394147, 0.005258573558453886, 0.3447858559991446, 0.3447286384149454, -0.04975615695137478, -0.46849339318443495, -0.521057004249851, -0.2099366727608527, 0.08819762633181615, 0.026655851773526626, -0.3731720323128575, -0.7912306874677996, -0.964691117333423, -0.9265323512691453, -0.902874439636088, -1.0354309677032287, -1.2475006041143626, -1.360262996026882, -1.2830515398530637, -1.0679759523999794, -0.8191363980695406, -0.6021916200563695, -0.44351007995669534, -0.3629784396730338, -0.360483063623679, -0.3824339603407532, -0.3514174642569105, -0.2509824123632818, -0.15019980114210746, -0.10635677235773305, -0.05595161728109327, 0.1412472011955745, 0.5167249678888023, 0.8881172682237057, 1.0103825379026974, 0.8595274966776069, 0.7179127424709775, 0.9061377651544503, 1.4129728286217222, 1.8425532461874876, 1.7863587669697754, 1.2498868559171405, 0.6673485822053831, 0.4677788860229136, 0.6520431342878582, 0.8375572580675831, 0.7113266452484792, 0.37735442026435223, 0.20972255918150864, 0.38936661429786, 0.6647591923751703, 0.6191769380508676, 0.14450646171519968, -0.4190048097114557, -0.6418064974295753, -0.46567720984741373, -0.2574820369616673, -0.404455441741176, -0.901082963809308, -1.3678825283017508, -1.4556073004683485, -1.1833845157375384, -0.8693351493360956, -0.7747115228256357, -0.8653395212696909, -0.914303714228448, -0.7795068990038387, -0.5376843674217437, -0.36810749588713915, -0.36230413758532376, -0.4694229956760302, -0.5870004197294556, -0.6513674666447365, -0.6384685976999042, -0.5310181350941171, -0.3319793314704741, -0.09799723102807481, 0.09030032374996418, 0.21313759240013355, 0.3362009906165291, 0.5133843828364619, 0.6778355250903709, 0.6860658778153973, 0.503476059362602, 0.30950649963066407, 0.3465092150244006, 0.6360631454871387, 0.8937051593173474, 0.797076911659175, 0.35601962487815797, -0.03459913838479073, 0.03315025378839068]}