{"session_id": "b6724636", "step": 5, "signal": [2.7409146877912036, -0.4880182922266355, -2.7947489931743466, -2.680201159233199, -0.8230513236744174, 0.7308631981016726, 0.6458930242088932, -0.5636960061000802, -1.416618194444477, -1.2140186612360668, -0.661011183743601, -0.7950244814327976, -1.6241961019094, -2.120356542971849, -1.5320213993521758, -0.40827588142141813, -0.08228033741004126, -1.1805613452585653, -2.856980097263363, -3.6161498781790136, -2.8069237883774782, -1.1800389462057272, -0.011989507806650673, 0.15413760446573127, -0.162264745881448, -0.1363067294525814, 0.49690444284699875, 1.3392562319241281, 1.8617913417719134, 1.8394509111566422, 1.3300788333416058, 0.5023696997804044, -0.3411726631065405, -0.707324572183165, -0.18555949453772425, 1.0648035146610992, 2.228948281697257, 2.470254979797108, 1.7298405993289654, 0.7916794557590443, 0.4639620554808004, 0.7679563673823515, 1.063424820347909, 0.9320899336273558, 0.6956931530874807, 0.8760663897529416, 1.267882989226179, 0.9103213796127232, -0.7722483189335043, -2.9235958383380796, -3.715305440542597, -2.110906803097846, 0.8810250043267324, 2.944796951534744, 2.585015789755627, 0.4840755395335104, -1.3084908695512003, -1.4534163362691193, -0.4614817163039318, 0.18932671095967968, -0.19678209547192055, -0.9119125448069947, -0.9161782985857478, -0.19934563973607555, 0.21211887368667565, -0.43198525965668866, -1.581727428358716, -1.90355320146278, -0.7709992105048844, 0.9692761933233728, 1.8209182930268109, 1.1313784028856575, -0.3504206795385611, -1.3501841503284848, -1.327376130857768, -0.8042535486408847, -0.6088399010695706, -1.0093837460108948, -1.6112995438864481, -1.889274763228992, -1.6219578214542603, -0.8709062060194233, 0.19152187618618816, 1.2592644987400559, 1.8356993311066643, 1.5071121656078286, 0.42989367717877386, -0.58376465490548, -0.6995242248277219, 0.13959481055624234, 1.1481218738256311, 1.5167997829714612, 1.2237396495439679, 0.9090132936590106, 0.9911901262445258, 1.149273887425452, 0.8626198117227087, 0.3381656627169309, 0.5387436623502316, 2.0423634019757415, 3.9955073124846967, 4.572764220491933, 2.740914687791199, -0.4880182922266149, -2.79474899317434, -2.6802011592332136, -0.8230513236744421, 0.7308631981016652, 0.6458930242088977, -0.563696006100062, -1.4166181944444793, -1.2140186612360766, -0.6610111837436102, -0.7950244814327921, -1.6241961019093862, -2.1203565429718414, -1.5320213993521825, -0.40827588142142507, -0.08228033741004392, -1.180561345258565, -2.856980097263354, -3.6161498781790176, -2.8069237883775124, -1.1800389462057201, -0.011989507806644012, 0.1541376044657478, -0.16226474588144735, -0.13630672945259473, 0.4969044428469921, 1.3392562319241232, 1.8617913417719114, 1.8394509111566326, 1.3300788333416032, 0.5023696997803835, -0.34117266310652705, -0.7073245721831349, -0.18555949453770676, 1.0648035146610713, 2.228948281697244, 2.4702549797971, 1.7298405993289505, 0.7916794557590567, 0.46396205548080727, 0.7679563673823586, 1.0634248203479093, 0.9320899336273492, 0.6956931530874843, 0.8760663897529479, 1.2678829892261871, 0.9103213796127199, -0.7722483189335163, -2.923595838338087, -3.7153054405425974, -2.1109068030978966, 0.8810250043266846, 2.9447969515347263, 2.5850157897555976, 0.48407553953349686, -1.3084908695512052, -1.4534163362691193, -0.4614817163039433, 0.18932671095967202, -0.1967820954719236, -0.9119125448069956, -0.9161782985857493, -0.19934563973607228, 0.21211887368668897, -0.43198525965668644, -1.5817274283587262, -1.9035532014628291, -0.770999210504932, 0.969276193323358, 1.8209182930268428, 1.1313784028856626, -0.3504206795385729, -1.3501841503284988, -1.3273761308577676, -0.8042535486408627, -0.6088399010695406, -1.0093837460108874, -1.6112995438864337, -1.8892747632290041, -1.621957821454274, -0.8709062060194073, 0.1915218761862133, 1.2592644987400392, 1.8356993311066445, 1.5071121656078081, 0.4298936771787997, -0.5837646549054285, -0.6995242248276932, 0.13959481055622902, 1.148121873825625, 1.5167997829714444, 1.2237396495439792, 0.9090132936590193, 0.9911901262445448, 1.1492738874254562, 0.8626198117226975, 0.33816566271690873, 0.5387436623502173, 2.0423634019757273, 3.995507312484688, 4.5727642204919405, 2.7409146877912005, -0.4880182922266229, -2.794748993174316, -2.680201159233213, -0.82305132367445, 0.7308631981016521, 0.6458930242089009, -0.5636960061000738, -1.416618194444463, -1.2140186612360733, -0.6610111837435855, -0.7950244814328095, -1.624196101909415, -2.120356542971871, -1.5320213993521947, -0.40827588142141596, -0.08228033741002394, -1.1805613452585728, -2.856980097263365, -3.6161498781790162, -2.8069237883774973, -1.1800389462057592, -0.011989507806671712, 0.15413760446574015, -0.1622647458814343, -0.13630672945256775, 0.49690444284700397, 1.3392562319241137, 1.8617913417719165, 1.8394509111566375, 1.330078833341646, 0.5023696997804533, -0.3411726631065457, -0.7073245721831848, -0.18555949453774545, 1.0648035146610988, 2.228948281697272, 2.470254979797103, 1.7298405993289323, 0.7916794557590607, 0.4639620554808298, 0.7679563673823702, 1.0634248203478975, 0.932089933627366, 0.6956931530874702, 0.8760663897529042, 1.2678829892261811, 0.9103213796127618, -0.7722483189334771, -2.9235958383380725, -3.7153054405426293, -2.1109068030978984]}