{"session_id": "b6724636", "step": 8, "signal": [2.175800836506087, -1.5615153996037217, -3.5766467309588403, -3.1478644334650627, -1.7824501613954213, -1.3251026318865686, -1.9768375540475172, -2.422704620627232, -1.725115103131809, -0.5919786507566028, -0.4716457120311492, -1.6121177214189841, -2.519704030520739, -1.5996285831987502, 0.8794134352846288, 2.8331855404758235, 2.478489638861243, 0.19281760399115588, -1.9244744457399232, -2.240712690847686, -1.0914404707183685, -0.07655206900929684, -0.16584977793883265, -0.8148226987829894, -0.9036330161858375, -0.16287678313217235, 0.6234420126610855, 0.6940520674443563, 0.1964115688090169, -0.17320362589503224, -0.1621967639398822, -0.22115639948551735, -0.7195879601321056, -1.229980808926976, -0.921085686255653, 0.36661482974505216, 1.745905350996754, 2.169630058632925, 1.5539570426114246, 0.780948994708318, 0.6014685397060063, 0.8237632057296211, 0.7809609558269831, 0.3962378837045185, 0.3539815371080475, 1.0451499403402549, 1.6662343856443904, 0.8676442800239741, -1.5409205825500916, -3.85377483736443, -3.8695159554100464, -1.1435672124193454, 2.375557130716512, 4.160156526242479, 3.4919968792201788, 1.8819885605336695, 1.178538083740872, 1.586391827768074, 1.794296475426001, 0.8682705659260284, -0.4803133886889013, -0.7998389753704025, 0.16071479784225268, 0.9103846596116039, -0.1432115938296621, -2.729354737902011, -4.76218474426084, -4.457305082198031, -2.1914524618521245, -0.0636825594962388, 0.2931719718200475, -0.7859612300139809, -1.7022511173625672, -1.4873900509792946, -0.687792342094871, -0.4255791243134962, -0.9727829558629036, -1.5483339061365549, -1.3941556970779951, -0.6611140772219191, -0.04905334496126201, 0.18575451976209556, 0.49017177042142607, 1.2299829473775084, 1.974018344743228, 1.88748692002988, 0.8075004443782963, -0.38187442725278264, -0.6363608036557106, 0.12530774462218808, 1.0188553823554956, 1.2915922274513028, 1.1338570799709582, 1.2115433203738804, 1.6009460492164505, 1.6176067799271425, 0.8709554916493727, 0.16534195612103864, 0.8516381411822114, 3.1218465142315694, 5.272379053904052, 5.104293862930595, 2.1758008365060775, -1.5615153996036963, -3.5766467309588292, -3.1478644334650787, -1.7824501613954327, -1.3251026318865862, -1.976837554047525, -2.422704620627237, -1.7251151031317986, -0.591978650756596, -0.4716457120311444, -1.6121177214189877, -2.5197040305207556, -1.5996285831987402, 0.8794134352846298, 2.833185540475815, 2.4784896388612134, 0.1928176039911338, -1.9244744457399094, -2.24071269084767, -1.0914404707183736, -0.07655206900930017, -0.1658497779388341, -0.8148226987829814, -0.903633016185816, -0.16287678313216536, 0.6234420126610718, 0.6940520674443408, 0.19641156880901345, -0.17320362589502036, -0.16219676393986515, -0.2211563994855153, -0.7195879601321272, -1.2299808089269864, -0.9210856862556535, 0.3666148297450477, 1.7459053509967668, 2.1696300586329165, 1.553957042611378, 0.7809489947083104, 0.6014685397060214, 0.8237632057296569, 0.7809609558269965, 0.3962378837045, 0.3539815371080153, 1.0451499403402436, 1.6662343856444126, 0.8676442800239808, -1.5409205825501, -3.8537748373644427, -3.8695159554100607, -1.1435672124193998, 2.375557130716472, 4.160156526242485, 3.4919968792201495, 1.8819885605336615, 1.1785380837408714, 1.586391827768093, 1.7942964754259867, 0.8682705659260208, -0.48031338868891604, -0.799838975370408, 0.16071479784225381, 0.910384659611617, -0.14321159382965942, -2.7293547379020042, -4.762184744260844, -4.4573050821980695, -2.191452461852189, -0.0636825594962721, 0.2931719718200372, -0.7859612300139619, -1.7022511173625419, -1.4873900509792657, -0.6877923420948965, -0.4255791243135223, -0.9727829558629276, -1.5483339061365398, -1.3941556970779643, -0.6611140772218966, -0.04905334496127667, 0.18575451976207458, 0.49017177042141796, 1.229982947377505, 1.974018344743244, 1.8874869200298776, 0.8075004443782916, -0.381874427252748, -0.6363608036556753, 0.1253077446222297, 1.0188553823555129, 1.2915922274512666, 1.1338570799708978, 1.2115433203738448, 1.600946049216467, 1.6176067799271858, 0.8709554916493922, 0.16534195612103963, 0.8516381411821882, 3.121846514231547, 5.272379053904049, 5.104293862930621, 2.175800836506064, -1.5615153996037328, -3.5766467309588257, -3.147864433465072, -1.7824501613954462, -1.3251026318865562, -1.9768375540475027, -2.422704620627227, -1.7251151031318084, -0.5919786507566072, -0.4716457120311509, -1.6121177214190106, -2.5197040305207814, -1.599628583198776, 0.879413435284597, 2.8331855404758257, 2.4784896388612774, 0.19281760399118741, -1.924474445739924, -2.2407126908477295, -1.0914404707184415, -0.07655206900933312, -0.16584977793881533, -0.8148226987829277, -0.9036330161858102, -0.16287678313214515, 0.6234420126610709, 0.6940520674443372, 0.196411568809003, -0.17320362589506189, -0.16219676393988736, -0.22115639948547955, -0.7195879601321133, -1.2299808089269701, -0.9210856862556533, 0.36661482974505827, 1.745905350996745, 2.1696300586328974, 1.5539570426113685, 0.7809489947083378, 0.6014685397060451, 0.8237632057296409, 0.7809609558269748, 0.39623788370454416, 0.35398153710804114, 1.0451499403401998, 1.6662343856443473, 0.8676442800240052, -1.5409205825500707, -3.8537748373644196, -3.8695159554100482, -1.1435672124193985]}