{"session_id": "b6724636", "step": 6, "signal": [1.1578711523338887, -2.7034527896963447, -4.474131173162425, -3.593079283446458, -1.7428845682683365, -0.8649273212771736, -1.305471348759684, -1.967915521090655, -1.9266905270908325, -1.442922260592629, -1.3211701258161872, -1.6474971432577026, -1.5904974201426128, -0.4980962374094069, 1.1187152099553663, 1.9638418034911587, 1.2759954033524104, -0.42281313805484144, -1.9206397200496759, -2.4574795827024083, -2.146586905554048, -1.4508174270231755, -0.6090988905814115, 0.27907841868638494, 0.8838863774317589, 0.7837959984865605, 0.08518465585356372, -0.39544050089311583, 0.0835035259498117, 1.2175589757572418, 1.7822576647321815, 0.9646550125806613, -0.5511872306638212, -1.1417764439410856, -0.00577342209626408, 1.8351937156308722, 2.5476737979898765, 1.473910044900075, -0.1509315637195947, -0.6106116427270121, 0.35334707866270887, 1.323778626895341, 0.9601399392227243, -0.36638790112691944, -1.0340041727542078, -0.2172340557419633, 0.9431227607720982, 0.5630594807209968, -1.669044714701377, -3.7845043839481427, -3.4113540822854844, -0.2839207219740352, 3.3502578549953506, 4.883985967927447, 3.759770826771837, 1.6638859862732405, 0.5414361519379467, 0.7423913884547418, 1.1737824880461278, 0.9135426685930238, 0.22611786543033197, -0.0808452917220449, 0.08152382793757562, -0.11569523376444413, -1.3224516136483953, -3.026020608506151, -3.9289919438929837, -3.269200612640526, -1.568232180908272, -0.038063491112804826, 0.5608104234296795, 0.3407033692675637, -0.23690513268326369, -0.934878538909508, -1.655905593974626, -2.072692002000303, -1.7665589908686656, -0.8470073308581552, -0.13389340154015095, -0.37232449342415774, -1.2614887768136294, -1.5806303683661687, -0.5205270830776243, 1.2310832666117373, 2.047134055476736, 1.1228683106995199, -0.5232955697674304, -1.0608594334821793, 0.16528194806105123, 1.9176527054211518, 2.4780802415571737, 1.5865600569304759, 0.6591600307177166, 1.0357709116571714, 2.3450149712938035, 2.965353492725724, 2.0720283385364135, 0.8069996941913454, 1.0558610739707777, 3.1322221837491244, 5.0697584884020515, 4.499201680037949, 1.1578711523338694, -2.703452789696323, -4.474131173162415, -3.593079283446466, -1.742884568268357, -0.8649273212771911, -1.3054713487596872, -1.9679155210906591, -1.9266905270908388, -1.4429222605926342, -1.3211701258161912, -1.6474971432577101, -1.5904974201426287, -0.49809623740939213, 1.1187152099553703, 1.9638418034911673, 1.2759954033523995, -0.42281313805483933, -1.9206397200496603, -2.457479582702403, -2.1465869055540656, -1.4508174270231824, -0.6090988905814261, 0.27907841868638794, 0.8838863774317833, 0.7837959984865653, 0.08518465585355472, -0.3954405008931398, 0.08350352594978505, 1.2175589757572198, 1.7822576647321942, 0.9646550125806573, -0.5511872306638125, -1.1417764439410747, -0.005773422096266745, 1.8351937156308376, 2.5476737979898774, 1.473910044900067, -0.15093156371962846, -0.6106116427270102, 0.3533470786627307, 1.3237786268953629, 0.9601399392227365, -0.36638790112691644, -1.0340041727542162, -0.21723405574198418, 0.9431227607720917, 0.5630594807209831, -1.6690447147013847, -3.784504383948141, -3.411354082285481, -0.28392072197408824, 3.350257854995311, 4.883985967927452, 3.7597708267717973, 1.6638859862732316, 0.5414361519379491, 0.742391388454734, 1.1737824880461127, 0.9135426685930197, 0.2261178654303387, -0.08084529172204122, 0.08152382793758595, -0.11569523376446578, -1.3224516136484024, -3.026020608506155, -3.928991943892969, -3.269200612640547, -1.5682321809083084, -0.03806349111281554, 0.560810423429686, 0.34070336926757605, -0.23690513268325425, -0.9348785389095065, -1.6559055939746443, -2.0726920020003217, -1.7665589908686772, -0.8470073308581605, -0.1338934015401212, -0.372324493424138, -1.261488776813629, -1.580630368366176, -0.52052708307762, 1.2310832666117144, 2.0471340554767474, 1.1228683106995296, -0.523295569767413, -1.0608594334821593, 0.16528194806105045, 1.9176527054211436, 2.4780802415571777, 1.5865600569304599, 0.6591600307177085, 1.035770911657147, 2.345014971293789, 2.965353492725745, 2.0720283385364415, 0.8069996941913613, 1.0558610739707812, 3.1322221837490973, 5.069758488402049, 4.499201680037957, 1.157871152333871, -2.7034527896963407, -4.474131173162404, -3.5930792834464746, -1.74288456826836, -0.8649273212771682, -1.3054713487596548, -1.96791552109064, -1.9266905270908092, -1.4429222605926473, -1.3211701258161879, -1.6474971432577177, -1.590497420142634, -0.49809623740941533, 1.1187152099553306, 1.9638418034911655, 1.2759954033524044, -0.42281313805486265, -1.9206397200496808, -2.4574795827024243, -2.146586905554086, -1.450817427023218, -0.6090988905814421, 0.2790784186863954, 0.8838863774317833, 0.7837959984865769, 0.08518465585355606, -0.39544050089314425, 0.08350352594980359, 1.2175589757572272, 1.782257664732207, 0.9646550125807173, -0.5511872306638493, -1.1417764439410805, -0.005773422096239322, 1.8351937156308873, 2.547673797989892, 1.4739100449000537, -0.15093156371962957, -0.6106116427269994, 0.3533470786627375, 1.3237786268953553, 0.9601399392226738, -0.36638790112693304, -1.0340041727542149, -0.21723405574199928, 0.9431227607720828, 0.563059480721013, -1.6690447147014125, -3.7845043839481405, -3.4113540822854853, -0.2839207219740348]}