{"session_id": "0834198f", "step": 17, "signal": [1.6716106226109857, -0.42160568257723585, -1.844703891346183, -1.8984525358694808, -1.0370046217531492, -0.31764434197028985, -0.4092873084661412, -1.1153938044500373, -1.7581607282447989, -1.9008587816104157, -1.6485984925222479, -1.326558405990858, -1.017079255499851, -0.5143383097245346, 0.28883954096692327, 1.084729392807592, 1.33012826716502, 0.784590705665141, -0.15173570367301153, -0.693017101747332, -0.32893086576858854, 0.7013587962945285, 1.5631694918165233, 1.4956465194904631, 0.4394345276724088, -0.8951455121574721, -1.5736216997121621, -1.1577470233565372, -0.028708340659094618, 0.937924563906875, 1.076264289300585, 0.43708275670344365, -0.3126637098666463, -0.49021971960239985, 0.04124560782826736, 0.8365707819727006, 1.3418678948161853, 1.3808206305099435, 1.181028403002782, 0.9772966994582167, 0.68907290702912, 0.07064956976266486, -0.8368068164418395, -1.5287311214921226, -1.456993811799923, -0.675035977191198, 0.024196871527913, -0.23300656760946897, -1.507258601426462, -2.8301432645960287, -2.983802043758341, -1.6006094225246053, 0.4632596596075652, 1.8563792134884143, 1.8799722171411124, 0.988648804948291, 0.24014605198051317, 0.30382134037026814, 0.9835589148183254, 1.601955399618972, 1.7226509275455018, 1.4510895624307794, 1.1127424339235086, 0.7901974736411623, 0.277830014616923, -0.5313891246528943, -1.3296434606246814, -1.573694171496779, -1.0231162356793082, -0.07813364812808923, 0.47528851321669263, 0.12664358397022557, -0.8851383023688356, -1.725655312189216, -1.634375534753623, -0.5523037473672052, 0.8098470703490572, 1.517187073219504, 1.1310317035909696, 0.032117304636182634, -0.9044429926061313, -1.0132176571678768, -0.3454267864157096, 0.43153960722882523, 0.6345135066104118, 0.12627872209953106, -0.6483554072019383, -1.1358146284277884, -1.1600530299832204, -0.9488930801236151, -0.7373125890957466, -0.44487792367008755, 0.1740545395638503, 1.0783105868760756, 1.7633736020497002, 1.6812180616569579, 0.885442985281466, 0.16920333903004375, 0.4064682305843603, 1.6581522148246834, 2.956181435050939, 3.0830741610820938, 1.6716106226109755, -0.42160568257721953, -1.8447038913461755, -1.8984525358694864, -1.0370046217531588, -0.317644341970299, -0.4092873084661391, -1.1153938044500271, -1.758160728244801, -1.9008587816104212, -1.64859849252225, -1.3265584059908615, -1.0170792554998622, -0.5143383097245289, 0.2888395409669188, 1.0847293928075878, 1.3301282671650143, 0.7845907056651373, -0.15173570367301037, -0.693017101747329, -0.3289308657686, 0.7013587962945302, 1.5631694918165224, 1.4956465194904678, 0.43943452767241253, -0.8951455121574725, -1.5736216997121641, -1.157747023356544, -0.02870834065909903, 0.9379245639068587, 1.0762642893005898, 0.43708275670343494, -0.31266370986664077, -0.4902197196023934, 0.04124560782827083, 0.8365707819726939, 1.3418678948161862, 1.380820630509942, 1.1810284030027787, 0.9772966994582213, 0.6890729070291249, 0.07064956976266694, -0.8368068164418352, -1.5287311214921306, -1.4569938117999341, -0.6750359771912083, 0.02419687152791114, -0.23300656760946933, -1.5072586014264626, -2.830143264596034, -2.9838020437583443, -1.6006094225246408, 0.46325965960753296, 1.8563792134884005, 1.879972217141101, 0.9886488049482925, 0.24014605198051206, 0.3038213403702765, 0.9835589148183166, 1.6019553996189526, 1.7226509275454902, 1.4510895624307805, 1.1127424339235183, 0.7901974736411587, 0.27783001461693346, -0.5313891246528931, -1.3296434606246768, -1.5736941714968011, -1.0231162356793344, -0.07813364812810297, 0.47528851321670196, 0.12664358397023256, -0.8851383023688417, -1.7256553121892229, -1.6343755347536248, -0.5523037473672127, 0.8098470703490532, 1.517187073219502, 1.1310317035910025, 0.03211730463616996, -0.9044429926061345, -1.0132176571678753, -0.3454267864156988, 0.4315396072288141, 0.6345135066104185, 0.12627872209953112, -0.6483554072019312, -1.1358146284277748, -1.1600530299832066, -0.9488930801236165, -0.7373125890957444, -0.4448779236701026, 0.17405453956383216, 1.0783105868760616, 1.763373602049694, 1.6812180616569719, 0.8854429852814676, 0.16920333903003448, 0.4064682305843521, 1.6581522148246697, 2.9561814350509383, 3.0830741610821013, 1.6716106226109717, -0.4216056825772261, -1.8447038913461735, -1.8984525358694935, -1.0370046217531683, -0.3176443419703036, -0.40928730846613615, -1.1153938044500227, -1.7581607282447833, -1.900858781610417, -1.6485984925222277, -1.3265584059908548, -1.017079255499869, -0.5143383097245546, 0.28883954096690967, 1.084729392807588, 1.3301282671650267, 0.7845907056651358, -0.15173570367302008, -0.6930171017473449, -0.3289308657686245, 0.7013587962944885, 1.563169491816504, 1.4956465194904838, 0.43943452767244284, -0.8951455121574856, -1.5736216997121688, -1.1577470233565403, -0.028708340659091076, 0.9379245639068526, 1.0762642893005903, 0.43708275670347546, -0.31266370986663905, -0.4902197196023872, 0.041245607828275216, 0.8365707819727032, 1.3418678948161946, 1.3808206305099482, 1.1810284030027798, 0.9772966994582399, 0.6890729070291508, 0.07064956976265566, -0.836806816441884, -1.5287311214921497, -1.4569938117999304, -0.6750359771912118, 0.024196871527915845, -0.23300656760946176, -1.5072586014264713, -2.830143264596025, -2.983802043758338, -1.6006094225246146]}