{"session_id": "0834198f", "step": 6, "signal": [0.858910604660412, -1.029508390336627, -1.6915809550060223, -1.2098363347494165, -0.6714364573751694, -0.9448942183645328, -1.8522962915069652, -2.5362491808269887, -2.445524438862298, -1.797259910355835, -1.143559851132046, -0.7274637406949285, -0.4072059311241503, -0.08948976502004158, 0.018773010655660394, -0.30341178275255587, -0.888951365855781, -1.258879468561881, -1.1298735624316654, -0.7165054414222647, -0.4402517944045561, -0.42236316899982984, -0.4127813316385051, -0.220733629751255, -0.03096893591260086, -0.13239040321307538, -0.40350467425463565, -0.31296378061763863, 0.41942585617445843, 1.2839657733127443, 1.363309621244189, 0.3699586766048631, -0.8377662465476821, -0.9979219287542336, 0.23808828400445228, 1.86228435154391, 2.5086462215450913, 1.8515210735637944, 0.8704332615057802, 0.6974484495384572, 1.358375716178432, 1.8230757780879245, 1.2621091222595644, 0.023172996742122476, -0.8030961424598297, -0.6883514136069767, -0.2811293542929164, -0.5913716792716104, -1.701154112960878, -2.5347300846471947, -2.002717421411701, -0.24261156797995234, 1.4457971547212225, 1.9015489337680924, 1.2103006273605077, 0.4623900256325595, 0.5295059930832495, 1.2368631347588228, 1.7301004319302828, 1.4608804911075057, 0.649046962300159, -0.1508163593558266, -0.6934543082886143, -1.1187142871365703, -1.5183012274464516, -1.6840623047740166, -1.3941317248212794, -0.8151133259792671, -0.42587452383407554, -0.5100305773441339, -0.8536895706006099, -1.0364315340517796, -0.9384234618786708, -0.8114804634475685, -0.848444768672638, -0.8669184111894538, -0.5805948356410386, -0.11377032690764066, -0.000759621116283582, -0.524841931501767, -1.1794765219867105, -1.0504989938044358, 0.14643143669820857, 1.5499078979755248, 1.8950197767884043, 0.8303666717110642, -0.6386689761527161, -1.1484191882843002, -0.3753020377185423, 0.6993998011153368, 0.9422015708288998, 0.3262358389936007, -0.11903968208916615, 0.4355200643493319, 1.6423149524758327, 2.411195754681634, 2.2146855379178225, 1.7025603212275962, 1.8863520442983353, 2.850053293776148, 3.5201319407931853, 2.8096842652125886, 0.8589106046604076, -1.0295083903366176, -1.6915809550060255, -1.209836334749424, -0.6714364573751752, -0.9448942183645392, -1.8522962915069616, -2.536249180826983, -2.445524438862308, -1.7972599103558347, -1.1435598511320442, -0.7274637406949265, -0.4072059311241591, -0.08948976502003564, 0.018773010655658506, -0.30341178275254393, -0.8889513658557866, -1.2588794685618792, -1.1298735624316654, -0.7165054414222672, -0.44025179440456264, -0.42236316899982945, -0.4127813316385125, -0.22073362975127253, -0.03096893591260086, -0.13239040321307838, -0.40350467425463166, -0.31296378061764096, 0.4194258561744487, 1.2839657733127285, 1.36330962124421, 0.36995867660487103, -0.8377662465476685, -0.9979219287542338, 0.2380882840044328, 1.862284351543884, 2.508646221545097, 1.8515210735638081, 0.870433261505773, 0.6974484495384492, 1.358375716178426, 1.8230757780879228, 1.2621091222595702, 0.023172996742135576, -0.8030961424598257, -0.688351413606997, -0.28112935429292374, -0.5913716792716102, -1.7011541129608614, -2.5347300846471925, -2.002717421411707, -0.2426115679799998, 1.44579715472121, 1.9015489337681146, 1.2103006273605008, 0.46239002563257037, 0.5295059930832493, 1.236863134758815, 1.730100431930253, 1.4608804911074982, 0.6490469623001615, -0.15081635935581916, -0.6934543082885998, -1.1187142871365725, -1.5183012274464391, -1.6840623047740155, -1.3941317248212792, -0.8151133259792909, -0.4258745238340804, -0.5100305773441118, -0.8536895706005976, -1.0364315340517698, -0.9384234618786722, -0.8114804634475654, -0.8484447686726451, -0.866918411189456, -0.5805948356410446, -0.11377032690763211, -0.0007596211162609334, -0.5248419315017614, -1.1794765219867027, -1.0504989938044447, 0.14643143669820247, 1.5499078979754897, 1.8950197767884176, 0.8303666717110838, -0.6386689761526985, -1.1484191882843002, -0.37530203771856513, 0.6993998011153074, 0.9422015708289007, 0.32623583899360753, -0.11903968208916105, 0.4355200643493236, 1.642314952475818, 2.411195754681645, 2.2146855379178354, 1.7025603212275913, 1.8863520442983224, 2.8500532937761207, 3.5201319407931866, 2.8096842652126117, 0.8589106046604147, -1.0295083903366267, -1.691580955006027, -1.209836334749442, -0.6714364573751807, -0.944894218364514, -1.85229629150693, -2.536249180826967, -2.445524438862298, -1.7972599103558422, -1.1435598511320564, -0.7274637406949472, -0.4072059311241689, -0.08948976502003703, 0.018773010655677824, -0.3034117827525306, -0.8889513658557748, -1.258879468561884, -1.1298735624316727, -0.7165054414222749, -0.4402517944045654, -0.4223631689998269, -0.4127813316384968, -0.22073362975124172, -0.030968935912594087, -0.13239040321307194, -0.40350467425464454, -0.3129637806176514, 0.4194258561744395, 1.2839657733127372, 1.3633096212442095, 0.3699586766049121, -0.837766246547694, -0.9979219287542425, 0.2380882840044437, 1.8622843515439005, 2.508646221545094, 1.8515210735638052, 0.8704332615057865, 0.6974484495384723, 1.3583757161784478, 1.8230757780879183, 1.2621091222595542, 0.02317299674213713, -0.8030961424598269, -0.6883514136070115, -0.28112935429292146, -0.5913716792715835, -1.70115411296087, -2.534730084647189, -2.0027174214117243, -0.2426115679799985]}