{"session_id": "0834198f", "step": 9, "signal": [-0.0885935919800998, -3.604849231473081, -5.410173351037941, -4.418723936933331, -2.0074601124130154, -0.3989706191485429, -0.39683709318232463, -0.9359326543410116, -0.7107886937512663, 0.19977677290242735, 0.5983971509334944, -0.15598326340622137, -1.2080242687312572, -1.1747168152687426, 0.1535498629429514, 1.4452590524580513, 1.2664312410955731, -0.329089365016917, -1.8601881130107298, -1.998252981884979, -0.8497419690521246, 0.3926336438590332, 0.8290779220361021, 0.6158619539137514, 0.4184480133534155, 0.4736705130394272, 0.46595877311211664, 0.1947490357248347, -0.030772183569950276, 0.14254848892693306, 0.47426125792542584, 0.3241169956033323, -0.4388231677150806, -1.0117257010532816, -0.4525645152189273, 1.1218845745902517, 2.4241947297127258, 2.2732248840138376, 0.862090632844144, -0.4801160490586809, -0.7899968022874506, -0.46651078082238057, -0.580412829378246, -1.3732886055528115, -1.855671684168949, -1.0868633654464228, 0.4195717946104752, 1.0273990767246075, -0.1269317927021107, -1.8569338437340834, -1.939759246883864, 0.499454004689735, 3.8506357388933594, 5.487160080257357, 4.325743847612877, 1.7459226879280825, -0.02715949974222423, -0.18742602188503749, 0.2023933763564637, -0.16090703942500706, -1.1964149425131563, -1.7048697382443962, -1.0435507450572832, -0.06638744805417063, -0.15525382727592574, -1.5189184320032916, -2.8253279523071937, -2.6402800339765893, -1.0177131736202498, 0.5608479822482426, 0.7660719309051289, -0.29660139342842395, -1.435761920983142, -1.7531783524290117, -1.4069261170268208, -1.0644841828402516, -0.9648854391036128, -0.7949061381914412, -0.3564423330751675, 0.03878405951535757, 0.03504710844172704, -0.12977410735863748, 0.18203963410985335, 1.0989764580159007, 1.8158684009839716, 1.3885066411464775, -0.06833095124806521, -1.2690004079523294, -1.0339014322128428, 0.44257506876490094, 1.8303465983423612, 2.1653240804678866, 1.846086228293768, 1.9433234886186959, 2.6988741402428684, 3.1238375688302105, 2.278385497964533, 0.6772443248063068, -0.041915584746746476, 0.9861437320492377, 2.576849453282409, 2.509465339834209, -0.08859359198010469, -3.6048492314730605, -5.410173351037936, -4.418723936933353, -2.007460112413047, -0.39897061914855747, -0.3968370931823322, -0.9359326543410027, -0.7107886937512626, 0.19977677290242535, 0.5983971509334985, -0.15598326340621038, -1.2080242687312488, -1.1747168152687335, 0.1535498629429454, 1.4452590524580364, 1.266431241095547, -0.3290893650169323, -1.86018811301072, -1.9982529818849706, -0.8497419690521382, 0.39263364385904376, 0.8290779220361038, 0.615861953913752, 0.41844801335341486, 0.4736705130394224, 0.46595877311211686, 0.19474903572484403, -0.030772183569933498, 0.14254848892692662, 0.4742612579254186, 0.3241169956033222, -0.4388231677150706, -1.0117257010532619, -0.4525645152189235, 1.121884574590219, 2.4241947297127258, 2.273224884013838, 0.8620906328441205, -0.48011604905867766, -0.7899968022874418, -0.46651078082237657, -0.580412829378246, -1.3732886055528208, -1.8556716841689649, -1.0868633654464317, 0.41957179461046257, 1.0273990767246064, -0.1269317927021113, -1.8569338437340963, -1.939759246883869, 0.4994540046896773, 3.8506357388933177, 5.487160080257354, 4.325743847612832, 1.7459226879280674, -0.027159499742209395, -0.18742602188501123, 0.20239337635645716, -0.16090703942501638, -1.1964149425131736, -1.7048697382444218, -1.0435507450572974, -0.0663874480541703, -0.15525382727591752, -1.518918432003287, -2.8253279523072017, -2.640280033976625, -1.0177131736202791, 0.5608479822482431, 0.7660719309051479, -0.2966013934284184, -1.435761920983146, -1.7531783524290045, -1.4069261170268101, -1.0644841828402456, -0.9648854391036084, -0.7949061381914527, -0.3564423330751938, 0.03878405951532719, 0.03504710844171027, -0.1297741073586356, 0.1820396341098668, 1.0989764580158914, 1.8158684009839723, 1.3885066411464828, -0.06833095124804278, -1.2690004079522723, -1.0339014322128115, 0.4425750687649109, 1.8303465983423644, 2.165324080467866, 1.8460862282937418, 1.9433234886186757, 2.6988741402428613, 3.1238375688302122, 2.2783854979645266, 0.6772443248063, -0.04191558474674316, 0.9861437320492491, 2.576849453282424, 2.5094653398342217, -0.08859359198013309, -3.604849231473094, -5.410173351037934, -4.418723936933343, -2.007460112413037, -0.39897061914855286, -0.39683709318231897, -0.935932654341031, -0.7107886937512717, 0.19977677290242596, 0.5983971509335044, -0.1559832634062422, -1.208024268731274, -1.1747168152687508, 0.15354986294295003, 1.445259052458055, 1.266431241095608, -0.3290893650169042, -1.8601881130107412, -1.9982529818850308, -0.8497419690521766, 0.3926336438590222, 0.82907792203613, 0.6158619539137801, 0.418448013353414, 0.4736705130394231, 0.4659587731121284, 0.19474903572485935, -0.030772183569932818, 0.1425484889269018, 0.4742612579253984, 0.32411699560334584, -0.4388231677150813, -1.0117257010532743, -0.45256451521893004, 1.1218845745902375, 2.4241947297127107, 2.2732248840138274, 0.8620906328441442, -0.48011604905863126, -0.7899968022874403, -0.4665107808223885, -0.5804128293782679, -1.3732886055527667, -1.8556716841689225, -1.0868633654464661, 0.4195717946104042, 1.0273990767245826, -0.1269317927021103, -1.8569338437340666, -1.9397592468838738, 0.4994540046896855]}