{
  "ensemble_id": "SOVEREIGN-TWIN-MOC-108",
  "target_dim": 108,
  "m_glass_resonance_prime": 0.9687851850962512,
  "m_glass_resonance_non_prime": 0.22872049607588557,
  "eeg_surrogate_resonance": 0.9473513598138172,
  "r_sc": 0.9687851850962512,
  "l_eff": 0.1386,
  "channels": [
    {
      "prime": 2,
      "lambda_p": 0.0017284832429004498,
      "l_p": 80.18590898655448,
      "contraction_p": 0.1386
    },
    {
      "prime": 3,
      "lambda_p": 0.002116950987028628,
      "l_p": 65.47152052610356,
      "contraction_p": 0.1386
    }
  ],
  "li_sequence": [
    0.008858503447893407,
    0.03540135581275017,
    0.07953072372955416,
    0.14108401950428706,
    0.21983460068852012,
    0.3154927449014868,
    0.42770689534397843,
    0.5560651711848277,
    0.7000971357653731,
    0.8592758143662143
  ],
  "gate_1_envelope": true,
  "gate_2_contraction": true,
  "proof_hash": "LEAN_PROOF_HASH_108_CORE",
  "timestamp": "2026-06-16T11:42:12.028627415+00:00"
}